,time,seconds_elapsed,Ax,Ay,Az,Gx,Gy,Gz,Activity
0,1664369024754.0,0.0,-4.658218,-1.428238,7.651764,-0.105286,-1.157104,-0.052917,Eating
1,1664369024855.0,0.0,-2.649475,-1.124176,9.401917,-0.010468,0.133987,0.035492,Eating
2,1664369024956.0,0.0,-2.941574,-0.812927,9.246292,-0.034973,0.053024,-0.016708,Eating
3,1664369025057.0,0.0,-2.84581,-1.081085,9.579086,-0.020065,-0.013016,-0.007111,Eating
4,1664369025159.0,0.0,-3.075653,-1.224731,9.43544,0.02681,-0.118484,0.038696,Eating
5,1664369025260.0,0.0,-3.549698,-1.521606,9.576691,-0.017929,0.016815,0.124985,Eating
6,1664369025361.0,0.0,-4.691742,-1.983688,9.938217,-0.069061,-0.46788,0.360397,Eating
7,1664369025462.0,0.0,-2.378937,-1.385147,10.546341,-0.136169,-0.479599,0.728989,Eating
8,1664369025564.0,0.0,-2.09642,-0.470566,9.763443,0.069427,0.422684,0.703415,Eating
9,1664369025666.0,0.0,-2.735672,-0.518448,8.958984,0.020416,0.358765,0.565994,Eating
10,1664369025767.0,1.0,-3.281555,-0.556747,9.131378,-0.192627,0.155289,0.335907,Eating
11,1664369025868.0,1.0,-2.161057,-0.097061,9.234329,-0.222458,0.164886,0.024841,Eating
12,1664369025969.0,1.0,0.0,0.0,0.0,0.0,0.0,0.0,Eating
13,1664369026073.0,1.0,-1.940796,0.683441,10.479309,0.28035,-0.374146,-0.709122,Eating
14,1664369026174.0,1.0,-3.461121,-1.787369,11.937378,0.671295,-0.1483,-0.800735,Eating
15,1664369026275.0,1.0,-4.162613,-3.355576,11.417831,1.07077,0.190445,-0.333084,Eating
16,1664369026377.0,1.0,-3.566467,-1.234314,8.269455,1.046265,0.627213,-0.199921,Eating
17,1664369026478.0,1.0,-3.331833,0.930054,5.286285,0.249451,0.420547,0.038696,Eating
18,1664369026579.0,1.0,-3.777145,1.344254,7.22319,-0.509018,-0.305969,-0.098724,Eating
19,1664369026681.0,1.0,-3.465897,0.819916,10.543945,-0.458954,-0.379471,-0.025223,Eating
20,1664369026782.0,2.0,0.0,0.0,0.0,0.0,0.0,0.0,Eating
21,1664369026884.0,2.0,-3.678986,0.688232,11.310104,0.542404,0.161682,-0.232956,Eating
22,1664369026985.0,2.0,-3.183395,1.605209,9.617401,0.930161,0.135056,-0.358658,Eating
23,1664369027086.0,2.0,-2.876938,1.365799,8.125809,1.176239,0.43866,-0.770905,Eating
24,1664369027190.0,2.0,-3.956711,2.914841,7.330933,1.217773,0.365158,-0.709122,Eating
25,1664369027292.0,2.0,-4.799469,3.511002,6.7659,1.148529,0.08606,-0.653732,Eating
26,1664369027393.0,2.0,-5.261551,4.59079,5.070801,0.93335,0.239456,-0.520569,Eating
27,1664369027494.0,2.0,-6.971008,4.248413,5.315018,0.052383,-0.121674,-0.353317,Eating
28,1664369027596.0,2.0,-6.149811,4.578812,7.146576,-0.118057,-0.13765,0.071716,Eating
29,1664369027698.0,2.0,-5.326202,4.071243,7.091507,-0.077576,-0.051361,-0.003922,Eating
30,1664369027799.0,3.0,-5.637451,3.975479,6.574371,0.006577,0.042374,-0.04866,Eating
31,1664369027901.0,3.0,-5.845734,4.035324,6.868851,-0.063736,-0.131256,0.033371,Eating
32,1664369028003.0,3.0,-5.654205,4.064056,7.431488,-0.0616,-0.092911,0.072784,Eating
33,1664369028104.0,3.0,-5.697296,3.92041,7.024475,-0.030716,0.069016,0.044022,Eating
34,1664369028206.0,3.0,-5.548859,3.391296,6.399582,-0.139374,-0.128067,0.164398,Eating
35,1664369028308.0,3.0,-4.828201,3.26918,6.073975,-0.49942,-0.512619,0.447754,Eating
36,1664369028409.0,3.0,-4.512177,2.436005,7.675705,-0.936188,-0.259094,0.678909,Eating
37,1664369028511.0,3.0,-5.127487,2.862167,9.133774,-1.09491,0.087112,1.110352,Eating
38,1664369028614.0,3.0,-5.113113,1.815903,8.994904,-1.361221,0.498306,1.27121,Eating
39,1664369028716.0,3.0,-4.524139,1.887726,8.477753,-1.703171,0.626144,1.194504,Eating
40,1664369028817.0,4.0,-4.753983,-0.125793,9.689224,-1.528473,0.0,0.0,Eating
41,1664369028922.0,4.0,-2.43161,-1.04277,10.388336,-0.920212,0.017883,0.655487,Eating
42,1664369029023.0,4.0,-4.270355,-1.483307,9.916672,-0.271454,-0.136581,0.082367,Eating
43,1664369029126.0,4.0,-4.737228,-1.069107,9.729919,0.123749,-0.052429,-0.043335,Eating
44,1664369029227.0,4.0,-4.813843,-0.918274,9.275024,0.132278,-0.079056,-0.032684,Eating
45,1664369029329.0,4.0,-4.471466,-0.877579,8.958984,0.13121,-0.005554,-0.040131,Eating
46,1664369029430.0,4.0,-4.313446,-0.757858,8.540009,0.121628,0.012543,-0.08168,Eating
47,1664369029531.0,4.0,0.0,0.0,0.0,0.0,0.0,0.0,Eating
48,1664369029633.0,4.0,-3.542511,-0.137772,9.696411,0.158905,-0.266556,-0.346939,Eating
49,1664369029734.0,4.0,-3.451538,0.951599,9.205597,0.185532,-0.317688,-0.50885,Eating
50,1664369029836.0,5.0,-3.446747,-0.465775,8.96138,0.027878,-0.285721,-0.603668,Eating
51,1664369029937.0,5.0,-4.514557,-2.417038,10.354813,0.024689,-0.091843,-0.378891,Eating
52,1664369030039.0,5.0,-4.624695,-3.875107,11.606979,0.748001,0.220276,-0.066772,Eating
53,1664369030140.0,5.0,-3.808273,0.0,0.0,0.0,0.0,0.0,Eating
54,1664369030242.0,5.0,-3.985443,0.585281,6.459442,0.200455,0.145706,-0.146667,Eating
55,1664369030343.0,5.0,-4.016571,0.925262,7.350082,-0.347092,-0.244186,-0.046524,Eating
56,1664369030444.0,5.0,-4.023758,0.125595,10.548737,-0.431244,-0.259094,-0.009247,Eating
57,1664369030546.0,5.0,-4.066849,-0.719559,12.849564,0.305908,0.066879,-0.126419,Eating
58,1664369030646.0,5.0,-2.419632,-0.176071,11.439377,1.311523,0.396042,-0.534424,Eating
59,1664369030748.0,5.0,-4.591171,1.521423,8.748306,1.819656,-0.00769,-0.712326,Eating
60,1664369030849.0,6.0,-4.698914,2.191788,6.897583,1.762131,-0.039642,-0.917908,Eating
61,1664369030951.0,6.0,0.0,0.0,0.0,0.0,0.0,0.0,Eating
62,1664369031052.0,6.0,-6.288666,4.322632,0.0,0.0,0.0,0.0,Eating
63,1664369031153.0,6.0,-7.217621,4.712891,4.970245,0.027878,0.059418,-0.094467,Eating
64,1664369031255.0,6.0,-5.673355,4.617126,6.751541,-0.176651,-0.181335,0.074905,Eating
65,1664369031357.0,6.0,-5.706879,4.581207,7.16095,0.040665,-0.060959,-0.031616,Eating
66,1664369031459.0,6.0,-5.931931,4.526138,6.330154,0.113098,0.092438,-0.031616,Eating
67,1664369031561.0,6.0,-6.156982,4.377701,6.449875,-0.049881,-0.021545,0.037628,Eating
68,1664369031663.0,6.0,-6.034882,4.41362,6.789841,-0.074387,0.014679,0.021652,Eating
69,1664369031766.0,7.0,-5.821793,4.657822,6.454651,0.009766,0.060486,0.001404,Eating
70,1664369031868.0,7.0,-5.714066,4.550079,6.540848,0.024689,-0.000229,-0.017761,Eating
71,1664369031970.0,7.0,-5.623077,4.454315,6.708435,0.021484,-0.037521,-0.026291,Eating
72,1664369032072.0,7.0,-5.90799,4.442337,6.631821,-0.009399,-0.002365,-0.00499,Eating
73,1664369032174.0,7.0,-5.924744,4.521347,6.689285,-0.032837,-0.035385,0.015259,Eating
74,1664369032276.0,7.0,0.0,0.0,0.0,0.0,0.0,0.0,Eating
75,1664369032377.0,7.0,-5.936722,4.528534,6.504929,0.031067,0.006165,-0.006042,Eating
76,1664369032478.0,7.0,-5.855316,4.389664,6.533661,-0.027512,-0.001297,0.024841,Eating
77,1664369032580.0,7.0,-6.025299,3.898865,6.006943,-0.183044,-0.093979,0.185699,Eating
78,1664369032683.0,7.0,-5.247192,2.955551,5.829773,-0.535645,-0.571213,0.383835,Eating
79,1664369032784.0,8.0,-4.849747,3.159058,6.959839,-0.932983,-0.74379,0.85788,Eating
80,1664369032886.0,8.0,-3.482666,2.96991,8.116226,-1.157761,-0.556305,1.215805,Eating
81,1664369032988.0,8.0,0.0,0.0,0.0,0.0,0.0,0.0,Eating
82,1664369033089.0,8.0,-3.501816,2.112793,10.271011,-1.606232,0.688995,1.533264,Eating
83,1664369033190.0,8.0,-2.275986,0.774429,10.625351,-1.152435,0.051971,1.184921,Eating
84,1664369033291.0,8.0,-2.177826,-0.15213,10.515228,-0.723129,-0.212219,0.701294,Eating
85,1664369033393.0,8.0,-2.031784,-1.057144,10.934204,-0.169189,-0.140854,0.040817,Eating
86,1664369033495.0,8.0,-2.393295,0.037018,10.067505,0.041733,-0.014084,-0.112579,Eating
87,1664369033596.0,8.0,-2.182617,0.558945,10.594223,0.157837,0.010422,-0.337341,Eating
88,1664369033697.0,8.0,-2.46991,1.234116,10.043564,0.347458,0.1521,-0.379959,Eating
89,1664369033798.0,9.0,-2.366959,1.514236,8.317337,0.069427,-0.196243,-0.605789,Eating
90,1664369033900.0,9.0,-3.406052,-1.61499,10.591843,0.118423,-0.03006,-0.438553,Eating
91,1664369034001.0,9.0,-3.185776,-1.641327,9.665283,0.705383,0.179794,-0.158386,Eating
92,1664369034102.0,9.0,-3.104385,0.101654,7.678085,0.376221,0.094574,-0.166901,Eating
93,1664369034204.0,9.0,-3.116348,0.405716,7.984558,-0.108475,-0.116348,-0.082748,Eating
94,1664369034305.0,9.0,-2.941574,0.616409,9.935822,-0.300217,-0.139786,0.038696,Eating
95,1664369034406.0,9.0,-2.733276,0.705002,10.433823,-0.092499,-0.003433,0.06958,Eating
96,1664369034507.0,9.0,-2.369354,0.614014,10.117783,0.116302,0.000839,-0.044403,Eating
97,1664369034608.0,9.0,-2.012619,-0.025238,11.046738,0.425217,0.192581,-0.265976,Eating
98,1664369034710.0,9.0,-2.517807,1.023422,10.685211,1.222046,1.192856,-0.93602,Eating
99,1664369034811.0,10.0,-4.002213,2.040955,9.246292,1.644943,0.353439,-0.94455,Eating
100,1664369034912.0,10.0,-4.658218,3.137497,7.206436,1.640686,0.678345,-0.898743,Eating
101,1664369035013.0,10.0,-4.969467,4.380096,4.412399,1.388214,0.38858,-0.889145,Eating
102,1664369035114.0,10.0,-7.038055,4.202927,3.825821,0.64679,0.080719,-0.655853,Eating
103,1664369035215.0,10.0,-7.243958,4.748795,4.211288,0.171692,-0.212219,-0.148788,Eating
104,1664369035317.0,10.0,-6.786667,4.882874,5.784286,-0.114868,-0.202637,0.116455,Eating
105,1664369035418.0,10.0,-6.322189,5.162994,6.208054,0.058777,-0.026871,-0.03801,Eating
106,1664369035519.0,10.0,-6.353317,4.705704,5.743576,0.021484,0.0,0.0,Eating
107,1664369035621.0,10.0,-6.417953,4.562057,5.880051,-0.071198,-0.08226,0.037628,Eating
108,1664369035724.0,10.0,-6.03009,4.684158,6.3517,-0.078644,-0.08226,0.011002,Eating
109,1664369035825.0,11.0,-6.367676,4.729645,6.243973,-0.042435,-0.057755,0.005676,Eating
110,1664369035926.0,11.0,-6.209656,4.612335,6.390015,-0.041367,-0.083328,0.020584,Eating
111,1664369036029.0,11.0,-6.087555,4.667404,6.459442,-0.008347,-0.036453,-0.010315,Eating
112,1664369036130.0,11.0,-6.264725,4.741623,6.138626,0.008698,-0.020477,0.016327,Eating
113,1664369036231.0,11.0,-6.231201,4.617126,6.208054,0.025742,0.073273,0.000351,Eating
114,1664369036333.0,11.0,-5.958267,4.645844,6.246353,0.000183,-0.018341,-0.043335,Eating
115,1664369036434.0,11.0,-6.252762,4.715286,6.217636,0.021484,0.057297,-0.010315,Eating
116,1664369036536.0,11.0,-6.212051,4.703308,6.399582,-0.046692,-0.071609,0.026978,Eating
117,1664369036638.0,11.0,-6.295853,4.629089,6.457047,-0.009399,0.012543,0.009933,Eating
118,1664369036740.0,11.0,-5.979813,4.744019,6.380432,0.019363,-0.006622,0.012054,Eating
119,1664369036841.0,12.0,-6.214447,4.641068,6.157776,-0.001953,0.022141,-0.011368,Eating
120,1664369036942.0,12.0,-6.123474,4.614731,6.480988,-0.030716,0.0,0.0,Eating
121,1664369037044.0,12.0,-6.101913,4.583603,6.433105,0.017227,0.010422,0.004608,Eating
122,1664369037145.0,12.0,-6.269516,4.2939,6.157776,-0.029648,-0.04071,0.044022,Eating
123,1664369037246.0,12.0,-6.276703,3.166229,5.767517,-0.201157,-0.155762,0.37851,Eating
124,1664369037347.0,12.0,-5.771515,3.118347,5.094742,-0.739105,-0.16748,1.200897,Eating
125,1664369037448.0,12.0,-3.813065,3.877319,5.939896,-1.246185,-0.485992,1.646179,Eating
126,1664369037549.0,12.0,-3.034943,4.444733,8.420288,-1.370819,-0.667084,1.896515,Eating
127,1664369037650.0,12.0,-2.577652,3.60437,10.132156,-1.751114,-0.01622,1.272263,Eating
128,1664369037753.0,13.0,-2.357391,2.273193,10.742676,-1.331406,0.01149,0.776917,Eating
129,1664369037855.0,13.0,-1.687012,0.362625,10.773788,-0.579315,0.234131,0.380646,Eating
130,1664369037956.0,13.0,-2.304718,0.707382,10.402695,0.056641,-0.000229,-0.00499,Eating
131,1664369038058.0,13.0,-2.654266,1.037796,9.519241,0.123749,0.146774,0.005676,Eating
132,1664369038160.0,13.0,-2.596802,1.258057,9.354034,0.073685,0.146774,-0.046524,Eating
133,1664369038261.0,13.0,-2.515411,1.897308,9.423462,-0.013672,0.042374,-0.206314,Eating
134,1664369038362.0,13.0,-2.639908,2.026596,10.081879,0.066223,0.280991,-0.355453,Eating
135,1664369038464.0,13.0,-2.161057,2.368958,8.875198,0.190857,0.051971,-0.510986,Eating
136,1664369038565.0,13.0,-2.910446,1.830276,7.984558,-0.38118,-0.141907,-0.600464,Eating
137,1664369038666.0,13.0,-3.32225,-2.910248,10.833649,-0.201157,-0.10144,-0.354385,Eating
138,1664369038768.0,14.0,-3.760391,-1.143326,9.241501,0.333603,-0.454041,-0.358658,Eating
139,1664369038869.0,14.0,-3.67659,-0.255081,9.535995,-0.081848,-0.18985,-0.173294,Eating
140,1664369038970.0,14.0,-2.553711,0.16391,9.696411,-0.134048,0.018936,0.03656,Eating
141,1664369039071.0,14.0,-2.544144,0.106445,9.595856,-0.079712,0.065811,-0.020966,Eating
142,1664369039172.0,14.0,-2.666245,0.376984,9.650909,-0.008347,-0.060959,-0.027359,Eating
143,1664369039274.0,14.0,-2.465134,0.199814,9.559937,0.032135,-0.031128,-0.009247,Eating
144,1664369039375.0,14.0,-2.477097,-0.271835,10.766617,0.138672,0.042374,-0.12323,Eating
145,1664369039476.0,14.0,-1.648712,0.178268,11.386719,0.754395,0.168076,-0.43428,Eating
146,1664369039579.0,14.0,-2.678207,0.733719,10.8983,1.505402,0.141449,-0.862518,Eating
147,1664369039682.0,14.0,-3.236053,2.452759,9.456985,1.884628,0.392853,-1.195953,Eating
148,1664369039783.0,15.0,-4.296692,3.065674,6.871246,1.931503,0.743317,-1.219391,Eating
149,1664369039886.0,15.0,-3.817856,4.569229,4.680557,1.251862,-0.798111,-1.251343,Eating
150,1664369039988.0,15.0,0.0,0.0,0.0,0.0,0.0,0.0,Eating
151,1664369040090.0,15.0,-5.129868,5.129486,6.030884,0.030014,0.130798,-0.017761,Eating
152,1664369040192.0,15.0,-5.498581,5.151031,6.445084,0.000183,0.103104,-0.041199,Eating
153,1664369040293.0,15.0,-5.472244,5.177368,6.409164,0.016159,-0.011948,-0.003922,Eating
154,1664369040395.0,15.0,-5.251984,4.916397,6.713226,-0.027512,-0.071609,0.039764,Eating
155,1664369040497.0,15.0,-5.39563,4.868515,6.615067,-0.090363,-0.064148,0.012054,Eating
156,1664369040598.0,15.0,-5.275925,4.6698,6.938278,-0.043488,-0.046036,-0.00499,Eating
157,1664369040700.0,15.0,-5.374084,5.031311,6.579147,0.003372,-0.106766,0.032303,Eating
158,1664369040801.0,16.0,-5.024536,5.191727,6.919128,0.000183,0.007217,0.013123,Eating
159,1664369040902.0,16.0,-5.240005,4.954697,6.818573,-0.025391,-0.005554,-0.018829,Eating
160,1664369041005.0,16.0,-5.541672,4.763168,6.943069,-0.026443,-0.014084,-0.00499,Eating
161,1664369041108.0,16.0,-5.299866,4.815842,6.670135,0.009766,0.01149,0.001404,Eating
162,1664369041209.0,16.0,-5.189728,5.074417,6.504929,-0.023254,-0.026871,0.079178,Eating
163,1664369041310.0,16.0,-5.23761,5.043289,6.931107,-0.018997,-0.037521,0.005676,Eating
164,1664369041412.0,16.0,-5.213669,5.052872,6.828156,0.000183,0.024261,-0.01564,Eating
165,1664369041513.0,16.0,-5.280716,5.000198,6.741959,-0.00621,0.009354,-0.000717,Eating
166,1664369041614.0,16.0,-5.084381,4.894852,6.792236,0.00444,0.004028,-0.016708,Eating
167,1664369041718.0,16.0,-5.172974,4.870911,6.708435,-0.020065,0.010422,-0.002853,Eating
168,1664369041819.0,17.0,-5.216064,4.779922,6.873642,0.000183,-0.031128,0.061066,Eating
169,1664369041921.0,17.0,-5.048477,5.004974,6.911942,-0.013672,-0.051361,0.008865,Eating
170,1664369042022.0,17.0,-5.122696,5.031311,6.928711,0.002319,0.043442,-0.032684,Eating
171,1664369042125.0,17.0,-5.25676,4.935547,6.753937,0.000183,0.049835,-0.027359,Eating
172,1664369042227.0,17.0,-5.330994,4.595566,6.876038,-0.070129,0.017883,0.04509,Eating
173,1664369042328.0,17.0,-5.393234,3.793518,6.646194,-0.055206,0.330002,0.368927,Eating
174,1664369042429.0,17.0,-5.328598,3.941956,5.805832,-0.550568,0.081787,0.893036,Eating
175,1664369042530.0,17.0,-4.624695,4.387283,6.998138,-0.950027,0.111618,1.334061,Eating
176,1664369042632.0,17.0,-3.652649,4.222076,7.752319,-1.158829,0.095642,1.33725,Eating
177,1664369042734.0,17.0,0.0,0.0,0.0,0.0,0.0,0.0,Eating
178,1664369042835.0,18.0,0.0,0.0,0.0,0.0,0.0,0.0,Eating
179,1664369042936.0,18.0,-2.235291,2.215729,10.019623,-1.095978,-0.108887,0.869598,Eating
180,1664369043037.0,18.0,-2.316681,1.856613,10.718735,-0.961746,0.187256,0.798233,Eating
181,1664369043139.0,18.0,-2.386124,0.946808,11.355591,-0.217133,0.267151,0.151611,Eating
182,1664369043240.0,18.0,-2.802704,1.775208,9.818512,0.226013,0.120148,-0.061447,Eating
183,1664369043342.0,18.0,-2.728485,1.918854,8.769852,0.15358,0.014679,-0.312851,Eating
184,1664369043443.0,18.0,-2.702148,1.938004,8.839279,0.050247,0.056229,-0.499268,Eating
185,1664369043544.0,18.0,-2.422028,1.861389,9.387558,0.097122,-0.093979,-0.505661,Eating
186,1664369043645.0,18.0,-2.192184,1.887726,9.145737,0.166367,-0.319809,-0.477966,Eating
187,1664369043747.0,18.0,-2.742859,0.396149,9.856812,-0.073318,-0.385864,-0.665451,Eating
188,1664369043848.0,19.0,-4.054871,-2.02919,12.521561,0.374084,-0.329407,-0.450256,Eating
189,1664369043950.0,19.0,-3.83461,-0.003693,10.599014,0.962112,0.140381,-0.267044,Eating
190,1664369044051.0,19.0,-2.850601,1.973923,6.801819,0.44014,0.358765,-0.046524,Eating
191,1664369044152.0,19.0,-2.984665,1.741684,7.376419,-0.278915,0.07753,0.025909,Eating
192,1664369044253.0,19.0,-2.982269,1.930832,9.43544,-0.412079,-0.22287,0.042953,Eating
193,1664369044354.0,19.0,-2.836227,2.292343,10.275803,-0.086105,-0.10463,0.004608,Eating
194,1664369044457.0,19.0,-2.862564,1.837448,9.349243,0.090729,0.07753,-0.07103,Eating
195,1664369044557.0,19.0,-2.850601,1.650711,8.968567,0.056641,0.071136,-0.0625,Eating
196,1664369044659.0,19.0,-3.334229,1.957169,10.728302,0.088593,0.106293,-0.307526,Eating
197,1664369044762.0,20.0,-3.425201,1.595642,11.527969,0.703262,0.727341,-0.4673,Eating
198,1664369044863.0,20.0,-3.398865,2.215729,9.167282,1.283829,0.789124,-0.656921,Eating
199,1664369044964.0,20.0,-4.409225,2.780762,7.412338,1.452133,0.453568,-0.86998,Eating
200,1664369045065.0,20.0,-4.974258,3.118347,5.801041,1.428696,0.398178,-0.915787,Eating
201,1664369045166.0,20.0,-5.785889,4.487839,4.479446,1.304062,-0.413559,-0.941345,Eating
202,1664369045268.0,20.0,-7.5121,4.502197,4.002991,0.726685,-0.03006,-0.440674,Eating
203,1664369045369.0,20.0,-7.198471,5.558044,4.805054,0.094986,-0.121674,-0.045456,Eating
204,1664369045471.0,20.0,-6.712448,5.397629,5.159393,-0.127655,-0.098236,0.054672,Eating
205,1664369045572.0,20.0,-6.437103,5.313828,5.587952,-0.031784,-0.091843,0.038696,Eating
206,1664369045673.0,20.0,-6.391617,5.024139,5.50177,0.02681,-0.005554,0.000351,Eating
207,1664369045775.0,21.0,-6.451477,5.139053,5.171356,-0.0616,-0.102493,0.025909,Eating
208,1664369045876.0,21.0,-6.475418,5.033707,6.069183,-0.098892,-0.135529,0.040817,Eating
209,1664369045978.0,21.0,-6.250366,5.16539,5.8992,-0.020065,0.049835,0.000351,Eating
210,1664369046080.0,21.0,-6.590332,4.849365,5.492188,-0.033905,0.055161,-0.026291,Eating
211,1664369046181.0,21.0,-6.178528,4.96907,6.004547,-0.059479,-0.132324,0.056808,Eating
212,1664369046285.0,21.0,-6.298248,4.947525,6.093124,-0.017929,-0.006622,0.004608,Eating
213,1664369046386.0,21.0,-6.216843,4.961884,6.200867,0.016159,-0.107819,-0.028412,Eating
214,1664369046488.0,21.0,-6.235992,4.985825,5.882446,0.018295,-0.020477,0.020584,Eating
215,1664369046589.0,21.0,-6.166565,4.96907,6.164963,-0.025391,-0.01622,-0.031616,Eating
216,1664369046690.0,21.0,-6.161774,4.933151,5.954269,-0.008347,-0.011948,-0.043335,Eating
217,1664369046791.0,22.0,-6.358093,4.892456,6.093124,0.002319,-0.022598,0.001404,Eating
218,1664369046893.0,22.0,-6.183319,4.964279,6.208054,-0.008347,0.008286,-0.00499,Eating
219,1664369046994.0,22.0,-6.264725,4.933151,5.959061,0.006577,0.00296,-0.014572,Eating
220,1664369047096.0,22.0,-6.274307,4.892456,5.844131,0.005508,0.023209,0.002472,Eating
221,1664369047197.0,22.0,-6.190506,4.84697,6.081161,-0.020065,-0.021545,0.002472,Eating
222,1664369047298.0,22.0,-6.171356,4.875687,6.102707,0.023621,0.016815,-0.001785,Eating
223,1664369047400.0,22.0,-6.26712,4.844574,5.97821,0.033203,0.005096,0.013123,Eating
224,1664369047501.0,22.0,-6.298248,5.028931,5.911179,-0.007278,-0.009827,0.013123,Eating
225,1664369047602.0,22.0,-6.219238,4.887665,5.870468,-0.049881,-0.041779,0.026978,Eating
226,1664369047703.0,22.0,-6.133041,4.655426,5.623871,-0.12233,-0.033264,0.106873,Eating
227,1664369047805.0,23.0,-5.773911,3.350586,4.802658,-0.650696,-0.549911,0.564926,Eating
228,1664369047906.0,23.0,-4.859329,2.888504,6.763504,-1.16629,-0.726746,1.123138,Eating
229,1664369048008.0,23.0,-3.848984,3.76239,7.931885,-1.393188,-0.581863,1.65683,Eating
230,1664369048110.0,23.0,-2.862564,2.775986,9.722748,-1.754303,-0.074799,1.402237,Eating
231,1664369048212.0,23.0,-2.199371,0.0,0.0,0.0,0.0,0.0,Eating
232,1664369048313.0,23.0,-2.953552,1.442413,11.266998,-0.651764,0.580338,0.748154,Eating
233,1664369048414.0,23.0,-2.800323,1.102432,9.076309,-0.243759,0.693253,0.509537,Eating
234,1664369048516.0,23.0,-2.927216,1.0737,8.329315,-0.471725,0.338516,-0.057175,Eating
235,1664369048617.0,23.0,-3.77475,1.028214,9.009262,-0.375854,0.165955,-0.108307,Eating
236,1664369048719.0,23.0,-3.470688,1.121582,9.758652,-0.129776,-0.280396,-0.376755,Eating
237,1664369048820.0,24.0,-3.013397,0.894135,8.980545,0.221756,-0.405029,-0.540817,Eating
238,1664369048921.0,24.0,-3.506607,-0.034821,9.382767,-0.111679,-0.230331,-0.624969,Eating
239,1664369049023.0,24.0,0.0,0.0,0.0,0.0,0.0,0.0,Eating
240,1664369049124.0,24.0,-4.598358,-3.039536,11.501633,1.016449,0.252228,-0.280884,Eating
241,1664369049226.0,24.0,-4.145859,-0.551956,8.68605,1.31366,0.271408,-0.23082,Eating
242,1664369049327.0,24.0,-3.91362,1.059341,6.512115,0.522156,0.296982,-0.088074,Eating
243,1664369049429.0,24.0,-4.648636,1.459167,6.986176,-0.12233,0.066879,0.018448,Eating
244,1664369049530.0,24.0,-4.483444,1.550156,8.963776,-0.320465,-0.122742,0.02272,Eating
245,1664369049631.0,24.0,-4.100372,1.562119,9.212769,-0.042435,-0.140854,-0.013504,Eating
246,1664369049732.0,24.0,-4.174591,1.593246,8.726746,0.014023,-0.044968,0.002472,Eating
247,1664369049834.0,25.0,-4.083603,1.126373,8.628586,-0.076523,-0.055634,0.000351,Eating
248,1664369049935.0,25.0,-4.246414,0.980331,9.545563,-0.134048,-0.091843,-0.044403,Eating
249,1664369050036.0,25.0,-4.263168,0.968353,10.373962,0.105637,0.013611,-0.079544,Eating
250,1664369050138.0,25.0,-3.762787,1.109619,9.902313,0.597794,0.229858,-0.131744,Eating
251,1664369050239.0,25.0,-4.631882,1.875763,9.555145,0.920563,0.302307,-0.312851,Eating
252,1664369050340.0,25.0,-4.677368,2.402481,9.033218,1.327499,0.189377,-0.566376,Eating
253,1664369050442.0,25.0,-5.165787,3.350586,7.383606,1.37117,0.284195,-0.559982,Eating
254,1664369050543.0,25.0,-5.115509,4.076035,5.753159,1.175171,0.118011,0.0,Eating
255,1664369050645.0,25.0,-5.776306,3.985046,4.888855,0.739471,0.050903,-0.670776,Eating
256,1664369050746.0,25.0,-7.622238,4.808655,6.208054,0.54985,-0.128067,-0.430023,Eating
257,1664369050847.0,26.0,-7.073959,5.325806,5.556824,0.330414,0.368347,-0.065704,Eating
258,1664369050948.0,26.0,-6.853699,4.990616,4.807449,0.019363,0.325745,-0.08168,Eating
259,1664369051049.0,26.0,-6.573578,4.945129,5.243195,-0.041367,-0.056686,0.004608,Eating
260,1664369051151.0,26.0,-6.300644,4.899643,5.731613,-0.065872,-0.042847,0.056808,Eating
261,1664369051252.0,26.0,-6.475418,5.141449,5.932724,-0.027512,-0.062012,-0.011368,Eating
262,1664369051353.0,26.0,-6.647797,4.870911,5.784286,-0.026443,-0.052429,-0.014572,Eating
263,1664369051454.0,26.0,-6.458649,4.834991,5.633438,-0.018997,-0.024734,-0.025223,Eating
264,1664369051556.0,26.0,-6.599915,4.820633,5.829773,0.0,0.0,0.0,Eating
265,1664369051657.0,26.0,-6.585556,4.923584,5.836945,-0.021118,-0.015152,0.015259,Eating
266,1664369051760.0,27.0,-6.228806,5.081589,5.999756,0.032135,0.072205,0.017395,Eating
267,1664369051862.0,27.0,-6.516113,4.784714,5.769913,-0.033905,-0.033264,0.030167,Eating
268,1664369051966.0,27.0,-6.499359,4.710495,5.772308,0.003372,-0.003433,0.013123,Eating
269,1664369052068.0,27.0,-6.468231,5.016953,5.791458,0.028946,0.021072,0.018448,Eating
270,1664369052169.0,27.0,-6.496964,4.90921,5.870468,-0.040298,-0.008759,-0.007111,Eating
271,1664369052271.0,27.0,-6.350922,4.856537,5.863281,-0.024323,-0.035385,0.014191,Eating
272,1664369052372.0,27.0,-6.415558,4.8302,5.966232,0.008698,0.013611,-0.006042,Eating
273,1664369052473.0,27.0,-6.623856,4.892456,5.750763,-0.020065,-0.037521,-0.002853,Eating
274,1664369052575.0,27.0,-6.370071,4.921188,5.889618,-0.026443,-0.009827,-0.013504,Eating
275,1664369052677.0,27.0,-6.453873,4.842178,5.846527,0.017227,0.013611,-0.019897,Eating
276,1664369052778.0,28.0,-6.437103,4.727249,0.0,0.0,0.0,0.0,Eating
277,1664369052881.0,28.0,-6.38443,4.2939,5.391632,-0.152145,-0.147247,0.114334,Eating
278,1664369052983.0,28.0,-6.626251,3.360168,4.51535,-0.705017,-0.712891,0.343353,Eating
279,1664369053085.0,28.0,-4.938339,2.673035,6.55043,-1.343124,-0.938736,0.837646,Eating
280,1664369053186.0,28.0,-4.117126,2.560501,8.939835,-1.653107,-0.601044,1.31488,Eating
281,1664369053287.0,28.0,-3.837006,2.136734,10.112991,-1.600906,0.407761,1.466141,Eating
282,1664369053388.0,28.0,-3.221695,1.322693,9.981308,-1.198242,0.227737,1.217941,Eating
283,1664369053490.0,28.0,-3.482666,0.767242,9.751465,-1.046967,0.700714,0.885574,Eating
284,1664369053590.0,28.0,-4.186554,-0.511261,9.622177,-0.866943,0.407761,0.603287,Eating
285,1664369053691.0,28.0,-3.463516,-0.846451,9.330093,-0.6017,-0.018341,0.565994,Eating
286,1664369053793.0,29.0,-3.310287,-0.422668,9.332489,-0.379059,0.153168,0.194229,Eating
287,1664369053895.0,29.0,-3.803482,-0.441833,9.425858,-0.124451,0.184052,-0.1978,Eating
288,1664369053997.0,29.0,-4.157822,-0.089874,9.591064,-0.009399,-0.10144,-0.470505,Eating
289,1664369054099.0,29.0,-4.014175,-0.228745,9.567123,0.223892,-0.005554,-0.552536,Eating
290,1664369054200.0,29.0,-4.246414,-1.892715,8.987717,0.065155,-0.028992,-0.642014,Eating
291,1664369054301.0,29.0,-5.333374,-4.715485,11.101807,0.595657,0.081787,-0.235077,Eating
292,1664369054403.0,29.0,-4.993408,-2.673218,8.597473,0.998337,0.212814,-0.182877,Eating
293,1664369054504.0,29.0,-4.378098,-0.027634,6.751541,0.312302,0.067947,-0.112579,Eating
294,1664369054605.0,29.0,-4.442734,0.283615,7.91272,-0.29277,-0.216476,-0.042267,Eating
295,1664369054706.0,29.0,-4.028534,-0.851242,9.859207,-0.338577,-0.081192,0.061066,Eating
296,1664369054808.0,30.0,-4.205719,-0.492111,9.952591,0.073685,-0.081192,-0.009247,Eating
297,1664369054909.0,30.0,-4.270355,-0.353241,10.170456,0.260101,-0.005554,-0.075287,Eating
298,1664369055011.0,30.0,-4.10994,-0.38916,10.946182,0.749069,0.407761,-0.187149,Eating
299,1664369055112.0,30.0,-4.919189,0.417694,10.16806,1.485153,0.719879,-0.427887,Eating
300,1664369055214.0,30.0,-4.86412,1.851822,8.106659,1.816452,0.904175,-0.441742,Eating
301,1664369055316.0,30.0,-5.429153,3.003433,5.59993,1.854813,0.473816,-0.513107,Eating
302,1664369055418.0,30.0,-5.498581,4.059265,3.981445,1.646011,-0.350708,-0.893417,Eating
303,1664369055520.0,30.0,-7.562378,4.708099,3.88089,0.885422,-0.33046,-0.554657,Eating
304,1664369055621.0,30.0,-7.526474,5.577194,5.231216,0.263306,-0.43486,-0.273422,Eating
305,1664369055722.0,30.0,-7.174515,5.134262,5.025314,-0.118057,0.177658,0.026978,Eating
306,1664369055824.0,31.0,-6.748352,4.755981,5.611893,-0.060532,-0.042847,0.0,Eating
307,1664369055927.0,31.0,-6.585556,4.502197,5.762726,0.044922,-0.122742,0.038696,Eating
308,1664369056028.0,31.0,-6.528091,4.665009,5.700485,-0.103149,-0.083328,0.000351,Eating
309,1664369056130.0,31.0,-7.085938,4.583603,5.829773,-0.111679,-0.081192,-0.041199,Eating
310,1664369056231.0,31.0,-7.064392,4.521347,5.987793,-0.052017,-0.022598,0.013123,Eating
311,1664369056333.0,31.0,-6.595123,4.614731,5.564011,-0.036041,0.014679,-0.012436,Eating
312,1664369056434.0,31.0,-6.635834,4.449524,5.817795,-0.031784,-0.10144,-0.019897,Eating
313,1664369056535.0,31.0,-6.68132,4.569229,6.334946,-0.023254,-0.039642,0.006729,Eating
314,1664369056636.0,31.0,-6.580765,4.483047,5.949478,0.021484,0.030655,0.035492,Eating
315,1664369056738.0,31.0,-6.484985,4.585999,5.892014,0.020416,0.047699,0.012054,Eating
316,1664369056839.0,32.0,-6.686111,4.588394,5.803436,0.016159,-0.001297,-0.024155,Eating
317,1664369056941.0,32.0,-6.767502,4.401642,5.745972,-0.015793,-0.039642,0.012054,Eating
318,1664369057043.0,32.0,-6.556824,4.478256,5.927933,-0.004074,-0.004501,0.004608,Eating
319,1664369057145.0,32.0,-6.710052,4.408829,5.923141,-0.000885,-0.050308,0.026978,Eating
320,1664369057246.0,32.0,-6.643005,4.475861,5.937515,-0.026443,-0.071609,0.025909,Eating
321,1664369057348.0,32.0,-6.499359,4.547684,5.7771,-0.022186,-0.020477,0.041885,Eating
322,1664369057449.0,32.0,-6.547241,4.607544,6.164963,-0.003021,-0.088654,0.029099,Eating
323,1664369057550.0,32.0,-6.34613,4.748795,5.992569,-0.017929,0.042374,0.009933,Eating
324,1664369057651.0,32.0,-6.556824,4.43277,6.457047,-0.052017,-0.070541,-0.056122,Eating
325,1664369057752.0,33.0,-6.547241,4.463898,6.035675,0.02681,0.047699,-0.014572,Eating
326,1664369057853.0,33.0,-6.422745,4.437561,6.033279,-0.004074,-0.017273,0.020584,Eating
327,1664369057955.0,33.0,-6.473022,4.485443,5.937515,0.011902,-0.011948,-0.00499,Eating
328,1664369058057.0,33.0,-6.556824,4.463898,6.052429,0.021484,-0.034317,0.009933,Eating
329,1664369058158.0,33.0,-6.34613,4.147858,5.628662,-0.058411,-0.074799,0.124985,Eating
330,1664369058259.0,33.0,-6.106705,2.898087,5.212067,-0.211807,-0.276138,0.503143,Eating
331,1664369058360.0,33.0,-5.527313,3.192566,5.844131,-1.345245,-0.709702,1.148697,Eating
332,1664369058461.0,33.0,-4.536118,2.689789,7.675705,-2.130341,-0.662827,1.490646,Eating
333,1664369058562.0,33.0,-2.52977,0.199814,9.0811,-1.882141,-0.6362,2.477081,Eating
334,1664369058663.0,33.0,-1.059738,1.46875,11.987656,-1.257889,-0.193039,1.266937,Eating
335,1664369058767.0,34.0,-2.343018,1.839844,11.920624,-0.696503,0.420547,0.737503,Eating
336,1664369058868.0,34.0,-2.139511,0.73851,9.502472,-0.258682,0.0,0.0,Eating
337,1664369058970.0,34.0,-1.502655,0.740906,8.348465,-0.093567,0.200043,0.160126,Eating
338,1664369059071.0,34.0,-1.46196,1.9021,10.203979,0.072617,-0.630875,-0.444931,Eating
339,1664369059172.0,34.0,-1.763626,1.969131,10.859985,0.239868,-0.454041,-0.778366,Eating
340,1664369059273.0,34.0,-1.821091,0.872589,10.639725,-0.076523,-0.027924,-0.99675,Eating
341,1664369059374.0,34.0,-2.287964,-2.773773,12.464096,0.338928,0.429062,-0.889145,Eating
342,1664369059475.0,34.0,-3.59758,-2.129745,10.249466,1.274231,0.462097,-0.56105,Eating
343,1664369059579.0,34.0,-3.509003,-0.76265,6.849701,1.119781,-0.038589,-0.355453,Eating
344,1664369059682.0,34.0,-4.026154,1.502258,7.371628,0.142929,0.161682,-0.096588,Eating
345,1664369059783.0,35.0,-3.592804,1.993073,8.762665,-0.145767,-0.021545,0.020584,Eating
346,1664369059885.0,35.0,-3.362961,2.256439,9.073914,-0.054153,-0.019409,0.016327,Eating
347,1664369059986.0,35.0,-3.690964,2.237289,9.162491,-0.043488,0.012543,-0.000717,Eating
348,1664369060088.0,35.0,-3.343796,1.906891,8.990112,-0.0616,-0.000229,-0.051849,Eating
349,1664369060193.0,35.0,-3.307892,1.677048,8.994904,-0.044556,-0.050308,-0.039078,Eating
350,1664369060294.0,35.0,-3.463516,1.703384,9.018845,-0.032837,-0.035385,0.002472,Eating
351,1664369060396.0,35.0,-3.123535,1.667465,10.084259,-0.085037,0.041306,-0.154114,Eating
352,1664369060498.0,35.0,-3.899261,1.317917,11.07547,0.292068,0.414154,-0.465179,Eating
353,1664369060599.0,35.0,-3.880096,0.980331,10.742676,1.222046,0.330002,-0.552536,Eating
354,1664369060700.0,35.0,-4.411621,2.993851,8.381989,1.681168,0.974487,-0.760254,Eating
355,1664369060802.0,36.0,-5.623077,3.977875,5.013351,1.549072,0.851974,-0.868912,Eating
356,1664369060903.0,36.0,-6.54245,3.867737,4.129883,1.206055,0.265015,-0.457718,Eating
357,1664369061005.0,36.0,-7.200851,4.940338,3.758789,0.597794,0.084991,-0.224426,Eating
358,1664369061106.0,36.0,-7.289444,5.366501,4.067642,0.011902,-0.026871,-0.074219,Eating
359,1664369061208.0,36.0,-6.887222,4.849365,5.28389,-0.143631,0.008286,-0.003922,Eating
360,1664369061310.0,36.0,-6.745956,4.736832,5.511337,-0.007278,-0.130203,0.007797,Eating
361,1664369061411.0,36.0,-6.707657,4.916397,5.506546,-0.04776,-0.035385,0.012054,Eating
362,1664369061513.0,36.0,-6.643005,4.983429,5.575989,-0.031784,-0.051361,0.020584,Eating
363,1664369061614.0,36.0,-6.616669,4.947525,5.595139,-0.003021,-0.099304,-0.003922,Eating
364,1664369061715.0,36.0,-6.499359,5.036102,5.753159,-0.00621,0.008286,-0.027359,Eating
365,1664369061817.0,37.0,-6.458649,4.636276,5.937515,0.011902,0.008286,-0.008179,Eating
366,1664369061918.0,37.0,-6.743561,4.679367,5.722031,0.00444,-0.01622,-0.001785,Eating
367,1664369062020.0,37.0,-6.77948,4.878082,5.61908,-0.009399,0.016815,-0.051849,Eating
368,1664369062122.0,37.0,-6.590332,4.854141,5.67894,0.024689,-0.019409,-0.000717,Eating
369,1664369062223.0,37.0,-6.609497,4.942734,5.693298,-0.022186,-0.068405,0.008865,Eating
370,1664369062324.0,37.0,-6.578369,4.92598,5.865677,-0.054153,-0.006622,-0.033752,Eating
371,1664369062426.0,37.0,-6.568787,4.81105,5.722031,-0.013672,0.028534,-0.025223,Eating
372,1664369062527.0,37.0,-6.647797,4.832596,5.755554,-0.053085,-0.042847,0.008865,Eating
373,1664369062630.0,37.0,-6.58316,4.858932,5.645416,-0.078644,-0.124863,-0.04866,Eating
374,1664369062731.0,37.0,-6.338943,4.59079,6.100311,-0.020065,-0.202637,-0.026291,Eating
375,1664369062833.0,38.0,-6.468231,4.708099,6.011734,0.023621,-0.062012,-0.01564,Eating
376,1664369062937.0,38.0,-6.46344,4.676971,6.119461,-0.011536,-0.006622,0.000351,Eating
377,1664369063038.0,38.0,-6.341339,4.681763,6.193695,-0.050949,0.014679,0.024841,Eating
378,1664369063139.0,38.0,-6.628647,4.772751,5.987793,-0.000885,-0.057755,-0.032684,Eating
379,1664369063241.0,38.0,-6.372467,4.588394,5.961456,0.016159,0.000839,-0.017761,Eating
380,1664369063342.0,38.0,-6.563995,4.67218,5.906387,0.0,0.0,0.0,Eating
381,1664369063443.0,38.0,-6.370071,4.720078,6.152985,-0.058411,0.001892,0.018448,Eating
382,1664369063544.0,38.0,-6.36528,4.775131,6.126648,-0.044556,-0.011948,0.002472,Eating
383,1664369063645.0,38.0,-6.489777,4.550079,6.148193,-0.026443,0.009354,-0.007111,Eating
384,1664369063747.0,38.0,-6.461044,4.487839,5.987793,-0.00621,-0.023666,0.00354,Eating
385,1664369063848.0,39.0,-6.468231,4.471069,6.296631,-0.017929,-0.006622,-0.008179,Eating
386,1664369063949.0,39.0,-6.355713,4.483047,6.416351,-0.044556,-0.013016,0.005676,Eating
387,1664369064051.0,39.0,-6.319794,4.360947,6.13623,-0.031784,-0.03006,0.023773,Eating
388,1664369064155.0,39.0,-6.437103,3.867737,6.157776,-0.163864,-0.031128,0.103668,Eating
389,1664369064257.0,39.0,-6.473022,2.637115,5.717239,-0.489838,-0.087585,0.495697,Eating
390,1664369064360.0,39.0,-6.5233,2.151093,6.397202,-1.658432,-0.174942,0.961212,Eating
391,1664369064462.0,39.0,-5.73082,3.137497,8.161728,-2.223022,-0.050308,1.421402,Eating
392,1664369064562.0,39.0,-5.208878,2.400085,8.698029,-2.113297,0.132919,1.631256,Eating
393,1664369064664.0,39.0,-3.93277,1.157501,9.152924,-1.365494,-0.062012,0.952682,Eating
394,1664369064765.0,40.0,-3.588013,-0.030029,8.999695,-1.120483,0.251175,0.359344,Eating
395,1664369064867.0,40.0,-2.644699,0.546982,10.175247,-0.904236,-0.220749,-0.287277,Eating
396,1664369064970.0,40.0,-3.425201,-0.381973,10.845627,-0.13298,0.023209,-0.391678,Eating
397,1664369065071.0,40.0,-3.511398,-0.276627,9.990891,0.44014,-0.259094,-0.66864,Eating
398,1664369065173.0,40.0,-3.856155,-1.591049,10.077087,0.603119,-0.29425,-0.825241,Eating
399,1664369065274.0,40.0,-3.738846,-2.924622,10.907867,0.859848,-0.281464,-0.844406,Eating
400,1664369065375.0,40.0,-5.091568,-2.081863,10.668457,1.630035,0.421616,-0.344803,Eating
401,1664369065477.0,40.0,-4.739624,0.511063,6.722809,1.322174,0.586731,-0.216965,Eating
402,1664369065583.0,40.0,-5.182541,1.791962,5.12587,0.177017,0.064743,-0.068893,Eating
403,1664369065684.0,40.0,-4.488235,1.933228,8.472961,-0.332184,-0.325134,-0.013504,Eating
404,1664369065785.0,41.0,-4.878479,1.748871,9.509659,-0.126587,-0.151505,0.064255,Eating
405,1664369065886.0,41.0,0.0,0.0,0.0,0.0,0.0,0.0,Eating
406,1664369065987.0,41.0,-4.832993,2.007446,8.891953,0.080078,0.073273,0.053604,Eating
407,1664369066089.0,41.0,-3.77475,1.727325,9.547958,0.255844,0.094574,-0.188202,Eating
408,1664369066190.0,41.0,-4.064453,1.689011,8.992508,0.570099,0.373672,-0.280884,Eating
409,1664369066291.0,41.0,-5.010162,2.625137,8.664505,1.10379,0.11055,-0.54187,Eating
410,1664369066393.0,41.0,-4.955093,3.429596,7.244736,1.297668,0.014679,-0.632431,Eating
411,1664369066495.0,41.0,-5.694901,3.819855,6.737167,1.191147,0.042374,-0.670776,Eating
412,1664369066597.0,41.0,0.0,0.0,0.0,0.0,0.0,0.0,Eating
413,1664369066699.0,41.0,-7.196075,4.880478,5.52092,0.428421,0.169144,-0.23082,Eating
414,1664369066800.0,42.0,-6.319794,5.325806,5.183334,0.114166,0.370483,0.000351,Eating
415,1664369066901.0,42.0,-6.834549,4.945129,5.159393,0.066223,0.113754,-0.028412,Eating
416,1664369067003.0,42.0,-6.753143,4.914001,5.056442,0.039597,0.165955,0.008865,Eating
417,1664369067104.0,42.0,-6.714828,5.136658,4.836182,-0.007278,0.087112,-0.033752,Eating
418,1664369067206.0,42.0,-7.21283,5.344955,4.951096,0.002319,0.004028,-0.001785,Eating
419,1664369067307.0,42.0,-6.645401,5.081589,5.259949,-0.04776,0.049835,0.008865,Eating
420,1664369067408.0,42.0,-6.626251,5.139053,5.262344,-0.029648,-0.009827,-0.017761,Eating
421,1664369067509.0,42.0,-6.62146,4.777527,5.552048,-0.056274,-0.01622,0.005676,Eating
422,1664369067611.0,42.0,-6.540054,5.024139,5.456268,0.009766,0.006165,0.014191,Eating
423,1664369067713.0,42.0,-6.832153,5.012161,5.487396,-0.026443,-0.01622,-0.01564,Eating
424,1664369067815.0,43.0,-6.892014,5.170181,5.133057,-0.005142,0.005096,0.005676,Eating
425,1664369067917.0,43.0,-6.810608,5.160599,5.300644,-0.069061,-0.055634,-0.009247,Eating
426,1664369068019.0,43.0,-6.698074,5.129486,5.779495,-0.023254,-0.038589,-0.012436,Eating
427,1664369068121.0,43.0,-6.750748,5.16539,5.391632,0.007645,0.001892,-0.013504,Eating
428,1664369068223.0,43.0,-6.717224,4.947525,5.226425,-0.017929,-0.000229,-0.049728,Eating
429,1664369068324.0,43.0,-6.738785,4.858932,5.523315,0.020416,-0.005554,-0.075287,Eating
430,1664369068426.0,43.0,-6.76033,4.748795,5.643021,0.039597,0.017883,0.005676,Eating
431,1664369068527.0,43.0,-6.767502,4.57402,5.149811,-0.095688,-0.00769,0.026978,Eating
432,1664369068628.0,43.0,-7.057205,4.090393,4.773926,-0.388641,-0.217545,0.142029,Eating
433,1664369068729.0,43.0,-6.291061,2.598816,4.977432,-1.143906,-0.448715,0.475449,Eating
434,1664369068830.0,44.0,-6.243179,2.414459,5.951874,-1.688263,-0.618088,0.790771,Eating
435,1664369068931.0,44.0,-5.333374,0.728943,8.674088,-2.419037,0.005096,1.043243,Eating
436,1664369069032.0,44.0,-5.268738,-0.049179,10.223129,-2.159103,0.04451,1.245636,Eating
437,1664369069133.0,44.0,-4.083603,-0.159317,9.696411,-1.468811,0.130798,1.343643,Eating
438,1664369069234.0,44.0,-3.724472,-1.253464,10.08905,-0.816879,-0.327271,0.739639,Eating
439,1664369069335.0,44.0,-4.126709,-1.14093,9.358826,-0.539902,0.287384,0.138824,Eating
440,1664369069438.0,44.0,-4.404434,-1.267822,9.380371,-0.200089,-0.140854,-0.013504,Eating
441,1664369069541.0,44.0,-4.279938,-1.181641,9.686829,-0.023254,0.07753,-0.244675,Eating
442,1664369069642.0,44.0,-4.584,-0.760254,9.643738,0.187668,0.57608,-0.330948,Eating
443,1664369069744.0,44.0,-4.361328,-0.051575,9.342056,0.343201,0.163818,-0.731491,Eating
444,1664369069845.0,45.0,-4.832993,0.0,0.0,0.0,0.0,0.0,Eating
445,1664369069946.0,45.0,-4.856934,-3.238251,8.575912,0.322952,-0.11528,-0.623901,Eating
446,1664369070048.0,45.0,-5.089172,-3.587814,7.886383,0.383682,0.01149,-0.361847,Eating
447,1664369070150.0,45.0,-5.374084,-2.804901,7.529648,0.159973,0.097778,-0.186081,Eating
448,1664369070251.0,45.0,-5.302261,-2.2686,8.415512,-0.103149,-0.04924,-0.026291,Eating
449,1664369070353.0,45.0,-5.034103,-1.794556,8.970963,-0.121262,-0.140854,0.048279,Eating
450,1664369070455.0,45.0,-4.888062,-1.571884,9.172073,0.019363,-0.009827,0.024841,Eating
451,1664369070557.0,45.0,-5.354935,-2.18959,10.77858,0.384735,0.128662,0.011002,Eating
452,1664369070658.0,45.0,-5.441116,-1.717941,11.609375,1.220978,0.496185,-0.028412,Eating
453,1664369070759.0,46.0,-5.457886,-0.255081,9.066727,1.932571,0.732666,-0.074219,Eating
454,1664369070861.0,46.0,-5.33577,0.932449,6.358887,2.091293,0.600571,-0.403397,Eating
455,1664369070962.0,46.0,-5.706879,2.467133,4.872086,1.750412,0.44931,-0.531219,Eating
456,1664369071063.0,46.0,-7.13382,3.676193,3.907227,1.255066,0.082855,-0.420441,Eating
457,1664369071165.0,46.0,-7.713211,4.834991,4.539291,0.638275,-0.662827,-0.265976,Eating
458,1664369071266.0,46.0,-7.653366,4.217285,4.802658,0.03746,0.094574,-0.0625,Eating
459,1664369071367.0,46.0,-6.949463,4.286728,5.456268,-0.027512,-0.015152,-0.027359,Eating
460,1664369071469.0,46.0,-7.052414,4.169403,5.865677,0.035339,-0.076935,-0.026291,Eating
461,1664369071570.0,46.0,-7.263107,4.202927,5.789063,0.047058,0.022141,0.049347,Eating
462,1664369071672.0,46.0,-7.275085,4.123917,5.628662,-0.090363,-0.039642,0.037628,Eating
463,1664369071773.0,47.0,-7.112274,3.941956,5.896805,-0.103149,0.000839,0.021652,Eating
464,1664369071874.0,47.0,-7.033264,4.102371,5.688507,-0.021118,-0.035385,0.020584,Eating
465,1664369071975.0,47.0,-7.186493,4.377701,5.659775,-0.04776,-0.035385,0.00354,Eating
466,1664369072077.0,47.0,-7.088333,4.279541,5.731613,-0.074387,-0.036453,-0.014572,Eating
467,1664369072179.0,47.0,-7.045242,4.360947,5.83934,-0.027512,-0.019409,0.009933,Eating
468,1664369072280.0,47.0,-6.966232,4.289108,5.983002,0.005508,0.00296,-0.001785,Eating
469,1664369072382.0,47.0,-6.997345,4.066452,5.944687,-0.022186,-0.00769,-0.00499,Eating
470,1664369072483.0,47.0,-6.851303,3.92041,6.162567,-0.118057,-0.051361,-0.020966,Eating
471,1664369072584.0,47.0,-6.77948,3.977875,6.263123,0.007645,-0.020477,0.000351,Eating
472,1664369072686.0,47.0,-6.982986,4.145462,5.930328,0.054504,-0.000229,-0.012436,Eating
473,1664369072788.0,48.0,-6.848907,4.11673,6.102707,0.001251,-0.005554,0.020584,Eating
474,1664369072889.0,48.0,-6.920731,3.934769,6.145798,0.00444,-0.037521,0.020584,Eating
475,1664369072992.0,48.0,-6.796234,4.09758,5.748367,-0.045624,0.015747,0.006729,Eating
476,1664369073093.0,48.0,-6.978195,4.09758,6.129044,-0.073318,-0.066284,-0.016708,Eating
477,1664369073195.0,48.0,-6.769897,4.238831,6.131439,0.028946,0.063675,-0.027359,Eating
478,1664369073296.0,48.0,-6.939896,3.965897,6.071579,0.055573,-0.009827,-0.041199,Eating
479,1664369073397.0,48.0,-6.875244,4.059265,6.026093,-0.000885,0.030655,0.014191,Eating
480,1664369073500.0,48.0,-6.887222,4.044907,6.224808,-0.027512,0.020004,-0.032684,Eating
481,1664369073601.0,48.0,-6.994965,3.965897,0.0,0.0,0.0,0.0,Eating
482,1664369073704.0,48.0,-6.765121,3.992233,5.947083,0.015091,0.018936,0.006729,Eating
483,1664369073808.0,49.0,-6.913559,3.906036,6.07637,-0.012604,-0.011948,-0.000717,Eating
484,1664369073909.0,49.0,-6.959045,4.066452,6.073975,-0.010468,-0.001297,0.008865,Eating
485,1664369074011.0,49.0,-7.006927,4.059265,5.961456,-0.000885,0.020004,-0.031616,Eating
486,1664369074112.0,49.0,-6.915955,3.846191,6.050034,-0.00621,0.042374,-0.00499,Eating
487,1664369074213.0,49.0,-6.882431,4.030548,6.004547,0.001251,-0.033264,-0.016708,Eating
488,1664369074315.0,49.0,-6.851303,3.977875,6.160172,-0.023254,-0.002365,-0.00499,Eating
489,1664369074416.0,49.0,-6.942291,3.513397,6.006943,-0.081848,-0.064148,0.042953,Eating
490,1664369074519.0,49.0,-6.832153,2.151093,4.474655,-0.521805,-0.188782,0.471191,Eating
491,1664369074620.0,49.0,-5.620682,1.27002,5.240799,-1.719162,-0.34964,1.228592,Eating
492,1664369074721.0,49.0,-4.667786,2.170242,8.805756,-2.363647,-0.454041,1.424606,Eating
493,1664369074822.0,50.0,-4.617508,1.815903,10.960541,-1.933273,-0.337921,1.156158,Eating
494,1664369074924.0,50.0,-4.102768,1.0354,10.757034,-1.318619,-0.088654,1.033646,Eating
495,1664369075025.0,50.0,-3.087616,0.535004,9.794571,-1.001175,0.14357,0.646957,Eating
496,1664369075127.0,50.0,-2.326263,0.082504,9.720352,-0.683716,0.092438,0.057861,Eating
497,1664369075228.0,50.0,-4.033325,-0.417892,10.998856,0.244125,-0.076935,-0.484344,Eating
498,1664369075329.0,50.0,-4.078827,0.908508,9.93103,0.634018,0.104156,-0.665451,Eating
499,1664369075433.0,50.0,-3.240845,0.010681,8.439453,0.395401,0.100967,-0.800735,Eating
500,1664369075534.0,50.0,0.0,0.0,0.0,0.0,0.0,0.0,Eating
501,1664369075635.0,50.0,-5.436325,-2.766602,9.133774,0.990875,0.013611,-0.173294,Eating
502,1664369075737.0,50.0,-4.277542,-0.499283,7.706818,0.430542,0.009354,0.001404,Eating
503,1664369075840.0,51.0,-4.148254,0.008286,7.816956,-0.092499,0.046631,0.033371,Eating
504,1664369075941.0,51.0,-3.911224,0.489517,9.172073,-0.313004,0.03598,-0.040131,Eating
505,1664369076042.0,51.0,-4.059662,0.063354,11.19278,0.077942,0.039185,-0.094467,Eating
506,1664369076144.0,51.0,-3.916016,0.053772,11.865555,1.152802,0.51535,-0.162643,Eating
507,1664369076245.0,51.0,-4.239227,1.516632,9.926254,2.023117,0.938263,-0.387405,Eating
508,1664369076346.0,51.0,-5.601532,2.87175,5.813004,2.052948,0.890335,-0.439606,Eating
509,1664369076447.0,51.0,-6.38443,3.326645,4.005386,1.646011,0.676208,-0.558914,Eating
510,1664369076550.0,51.0,0.0,0.0,0.0,0.0,0.0,0.0,Eating
511,1664369076651.0,51.0,-8.069946,4.710495,2.011017,0.314438,-0.043915,-0.195663,Eating
512,1664369076753.0,52.0,-7.955032,5.388046,3.844971,-0.355621,-0.29425,-0.006042,Eating
513,1664369076854.0,52.0,-7.543228,5.038498,5.121078,-0.196899,-0.139786,-0.022034,Eating
514,1664369076956.0,52.0,-7.490555,4.92836,4.395645,-0.02858,0.076462,0.013123,Eating
515,1664369077058.0,52.0,-7.081146,4.782318,4.63028,-0.044556,-0.086517,0.025909,Eating
516,1664369077159.0,52.0,-7.430695,4.784714,5.04686,-0.058411,-0.056686,-0.058243,Eating
517,1664369077260.0,52.0,-7.425919,4.801468,4.836182,-0.021118,0.004028,-0.009247,Eating
518,1664369077361.0,52.0,-7.303802,4.698517,4.874481,-0.02858,-0.050308,-0.001785,Eating
519,1664369077463.0,52.0,-7.397186,4.629089,4.805054,-0.08078,-0.075867,0.006729,Eating
520,1664369077564.0,52.0,-7.406754,4.779922,4.754776,0.001251,-0.10463,-0.003922,Eating
521,1664369077665.0,52.0,-7.35408,4.899643,5.054047,0.009766,-0.080124,0.009933,Eating
522,1664369077767.0,53.0,-7.346909,4.937943,5.032501,-0.038162,-0.01088,0.005676,Eating
523,1664369077868.0,53.0,-7.318176,4.650635,5.104324,-0.069061,0.000839,0.019516,Eating
524,1664369077970.0,53.0,-6.978195,4.782318,5.123474,-0.063736,-0.050308,0.023773,Eating
525,1664369078072.0,53.0,-7.270294,4.545288,5.425156,-0.033905,-0.065216,-0.030548,Eating
526,1664369078173.0,53.0,-7.294235,4.75119,5.396423,-0.01474,-0.047104,-0.009247,Eating
527,1664369078274.0,53.0,-7.138611,4.569229,5.212067,0.000183,0.004028,-0.02948,Eating
528,1664369078375.0,53.0,-7.117065,4.782318,5.051651,0.010834,-0.041779,-0.042267,Eating
529,1664369078479.0,53.0,-7.289444,4.655426,5.255157,0.005508,-0.042847,-0.023087,Eating
530,1664369078580.0,53.0,-7.090729,4.554871,5.336563,-0.017929,0.01149,0.009933,Eating
531,1664369078681.0,53.0,-7.121857,4.593185,5.295868,-0.012604,-0.017273,-0.020966,Eating
532,1664369078783.0,54.0,-7.220016,4.540512,5.293472,-0.000885,-0.01622,-0.006042,Eating
533,1664369078885.0,54.0,-6.968628,4.533325,4.958282,-0.03923,-0.111023,0.037628,Eating
534,1664369078987.0,54.0,-6.853699,3.992233,4.733231,-0.237366,-0.326202,0.199554,Eating
535,1664369079090.0,54.0,-5.884048,2.862167,4.922363,-0.728455,-0.70224,0.628845,Eating
536,1664369079191.0,54.0,-6.082764,3.063278,6.914337,-1.228073,-1.041,0.898361,Eating
537,1664369079292.0,54.0,-5.25676,3.590012,8.429871,-1.710632,-0.641525,1.119934,Eating
538,1664369079393.0,54.0,-3.810669,2.270798,10.32608,-1.696793,-0.187714,1.152954,Eating
539,1664369079494.0,54.0,-3.434784,1.277206,10.761826,-1.204636,0.27034,1.011276,Eating
540,1664369079595.0,54.0,-2.654266,0.724152,9.10025,-0.907425,0.383255,0.807816,Eating
541,1664369079696.0,54.0,-2.915237,0.59726,9.078705,-1.017151,0.259689,0.52446,Eating
542,1664369079798.0,55.0,-2.917633,-0.087479,10.065109,-0.772141,0.075394,0.062134,Eating
543,1664369079899.0,55.0,-2.601593,-0.48732,11.209534,0.018295,-0.218613,-0.314972,Eating
544,1664369080001.0,55.0,-3.188171,0.156723,10.321289,0.726685,-0.307037,-0.548264,Eating
545,1664369080102.0,55.0,0.0,0.0,0.0,0.0,0.0,0.0,Eating
546,1664369080204.0,55.0,-3.513794,-0.812927,10.362,-0.121262,-0.114212,-0.904068,Eating
547,1664369080305.0,55.0,-3.808273,-4.195938,11.008423,1.042007,0.213882,-0.391678,Eating
548,1664369080406.0,55.0,-3.966293,-1.026016,7.139404,0.887543,0.038116,-0.410843,Eating
549,1664369080508.0,55.0,-3.743637,-0.298172,7.369247,-0.138306,-0.054565,-0.061447,Eating
550,1664369080609.0,55.0,-3.197754,-0.293381,9.863998,-0.372665,-0.11528,0.02272,Eating
551,1664369080710.0,55.0,-3.315063,-0.578293,11.956528,0.284607,0.174469,-0.113647,Eating
552,1664369080812.0,56.0,-3.494629,0.479935,11.334045,1.23909,0.40564,-0.381027,Eating
553,1664369080913.0,56.0,-3.535339,1.4879,10.022018,1.560791,0.853043,-0.553589,Eating
554,1664369081015.0,56.0,-4.964676,3.063278,7.280655,1.633224,0.974487,-0.673965,Eating
555,1664369081119.0,56.0,-5.797852,3.697754,5.312622,1.49794,0.81044,-0.718704,Eating
556,1664369081221.0,56.0,-6.89679,4.131104,2.580841,1.048401,0.433334,-0.552536,Eating
557,1664369081322.0,56.0,-7.229584,4.164612,2.89447,0.245193,0.070068,-0.227631,Eating
558,1664369081424.0,56.0,-7.397186,4.11673,5.152206,-0.104218,-0.271881,-0.064636,Eating
559,1664369081526.0,56.0,-7.231979,4.427979,5.925537,-0.058411,-0.119537,0.066391,Eating
560,1664369081628.0,56.0,-6.947067,4.614731,5.710052,0.041733,0.04451,0.023773,Eating
561,1664369081730.0,56.0,-6.863281,4.459106,5.508942,-0.043488,-0.04071,-0.013504,Eating
562,1664369081832.0,57.0,-7.112274,4.542908,5.413177,-0.1138,-0.098236,-0.060379,Eating
563,1664369081934.0,57.0,-6.985382,4.545288,5.841736,-0.034973,-0.125931,0.056808,Eating
564,1664369082036.0,57.0,-6.659775,4.526138,6.050034,0.006577,-0.071609,0.041885,Eating
565,1664369082138.0,57.0,-6.76033,4.277145,6.018906,0.022552,-0.054565,-0.052917,Eating
566,1664369082239.0,57.0,-6.884827,4.188553,5.913559,-0.173462,-0.081192,0.029099,Eating
567,1664369082343.0,57.0,-6.575974,4.238831,6.196075,-0.128723,-0.037521,0.017395,Eating
568,1664369082444.0,57.0,-6.647797,4.459106,6.083557,0.048111,-0.022598,0.005676,Eating
569,1664369082545.0,57.0,-6.836945,4.75119,5.767517,0.123749,0.005096,-0.013504,Eating
570,1664369082646.0,57.0,-6.808212,4.473465,5.755554,0.019363,-0.025803,-0.013504,Eating
571,1664369082748.0,57.0,-6.611877,4.547684,5.860901,-0.046692,0.020004,0.00354,Eating
572,1664369082849.0,58.0,-6.769897,4.339386,6.169739,-0.024323,-0.019409,-0.009247,Eating
573,1664369082950.0,58.0,-6.626251,4.348969,6.062012,-0.007278,-0.031128,0.013123,Eating
574,1664369083053.0,58.0,-6.70047,4.320236,6.006943,0.003372,0.014679,-0.044403,Eating
575,1664369083154.0,58.0,-6.717224,4.315445,5.896805,-0.005142,-0.014084,-0.023087,Eating
576,1664369083258.0,58.0,-6.81778,4.07843,5.827377,-0.067993,-0.00769,0.025909,Eating
577,1664369083359.0,58.0,-6.784271,3.408051,5.559219,-0.293839,-0.084396,0.166519,Eating
578,1664369083460.0,58.0,-6.130646,2.361786,5.334167,-0.782791,-0.367752,0.480774,Eating
579,1664369083562.0,58.0,-5.833771,2.500641,6.483383,-1.369751,-0.158951,0.885574,Eating
580,1664369083663.0,58.0,-4.971863,2.651474,8.336502,-1.616898,-0.174942,1.296768,Eating
581,1664369083764.0,59.0,-4.172195,3.36734,9.291779,-1.502914,-0.059891,1.344711,Eating
582,1664369083865.0,59.0,-3.918411,2.507828,8.40593,-1.55191,0.053024,0.875992,Eating
583,1664369083967.0,59.0,-4.01178,0.776825,9.289383,-1.687195,0.135056,0.44136,Eating
584,1664369084068.0,59.0,-2.642303,-0.140152,10.938995,-0.952164,0.087112,0.09729,Eating
585,1664369084170.0,59.0,-4.045303,0.125595,11.539948,0.194061,-0.271881,-0.36824,Eating
586,1664369084271.0,59.0,-2.393295,0.470367,10.103424,0.826828,-0.526474,-0.843353,Eating
587,1664369084373.0,59.0,-3.712509,0.250092,11.039551,0.563705,-0.164291,-0.77623,Eating
588,1664369084474.0,59.0,-3.439575,-4.138474,10.160873,1.277435,-0.085449,-0.499268,Eating
589,1664369084576.0,59.0,-4.440338,-0.741104,8.408325,0.807648,0.34491,-0.441742,Eating
590,1664369084678.0,59.0,-3.966293,0.281219,7.074753,0.17276,0.258621,-0.165833,Eating
591,1664369084779.0,60.0,-3.57843,1.301147,7.919907,-0.317261,-0.217545,0.006729,Eating
592,1664369084881.0,60.0,-3.832214,0.731339,12.421005,-0.164932,-0.037521,-0.045456,Eating
593,1664369084982.0,60.0,-3.202545,1.660278,12.047516,1.121902,0.531326,-0.334152,Eating
594,1664369085084.0,60.0,-5.268738,3.487061,8.245514,1.761063,0.797653,-0.634552,Eating
595,1664369085189.0,60.0,-5.137054,2.924423,6.356491,1.529907,1.023483,-0.745346,Eating
596,1664369085292.0,60.0,-4.921585,3.319458,4.759567,1.128296,1.12149,-0.796478,Eating
597,1664369085394.0,60.0,-7.050018,3.609161,2.650269,0.6745,0.501511,-0.459854,Eating
598,1664369085495.0,60.0,-7.820953,4.454315,3.550491,-0.049881,-0.163223,-0.075287,Eating
599,1664369085596.0,60.0,-7.720398,4.729645,5.001373,-0.285309,-0.138718,-0.016708,Eating
600,1664369085698.0,60.0,-7.947845,4.614731,4.702103,-0.213943,-0.250565,-0.006042,Eating
601,1664369085799.0,61.0,0.0,0.0,0.0,0.0,0.0,0.0,Eating
602,1664369085901.0,61.0,-7.138611,4.27475,5.714844,-0.159607,-0.12381,0.05574,Eating
603,1664369086003.0,61.0,-7.100296,4.246017,5.992569,-0.043488,-0.039642,-0.039078,Eating
604,1664369086105.0,61.0,-6.949463,4.13588,5.915955,0.138672,0.050903,-0.057175,Eating
605,1664369086206.0,61.0,-7.052414,3.872528,5.975815,-0.057343,-0.069473,-0.056122,Eating
606,1664369086308.0,61.0,-7.342117,3.745636,6.406769,-0.046692,0.013611,0.026978,Eating
607,1664369086409.0,61.0,-7.126633,3.927597,5.939896,-0.01474,-0.008759,0.020584,Eating
608,1664369086510.0,61.0,-7.210434,3.884491,5.827377,-0.026443,0.018936,-0.009247,Eating
609,1664369086611.0,61.0,-7.208038,3.982651,5.628662,0.007645,-0.003433,-0.031616,Eating
610,1664369086712.0,61.0,-7.181702,3.937164,5.674149,0.019363,0.006165,-0.047592,Eating
611,1664369086814.0,62.0,-7.126633,4.07843,5.705276,0.055573,0.039185,0.009933,Eating
612,1664369086915.0,62.0,-7.126633,4.008987,5.657379,-0.01474,-0.04924,0.042953,Eating
613,1664369087017.0,62.0,-7.231979,4.138275,5.645416,-0.016861,0.014679,-0.020966,Eating
614,1664369087118.0,62.0,-7.203247,3.965897,5.781891,-0.010468,-0.03006,-0.006042,Eating
615,1664369087219.0,62.0,-7.05481,4.095184,5.74118,-0.007278,0.020004,-0.012436,Eating
616,1664369087320.0,62.0,-7.172134,3.92041,5.865677,-0.020065,-0.050308,-0.002853,Eating
617,1664369087422.0,62.0,-6.9758,3.218903,5.082779,-0.248032,-0.065216,0.087692,Eating
618,1664369087523.0,62.0,-6.530487,2.428818,4.807449,-1.125809,-0.280396,0.093018,Eating
619,1664369087624.0,62.0,-6.947067,-0.118607,6.435501,-1.807571,-0.774673,0.641632,Eating
620,1664369087725.0,62.0,-6.274307,-0.015656,8.540009,-1.949249,-0.782135,1.348969,Eating
621,1664369087827.0,63.0,-5.589554,2.117569,7.709213,-2.816376,-0.111023,1.673874,Eating
622,1664369087929.0,63.0,-2.659058,-0.707581,12.052292,-2.410507,-0.35817,1.332993,Eating
623,1664369088030.0,63.0,-3.092407,-1.29895,11.772171,-0.806229,0.023209,0.202744,Eating
624,1664369088132.0,63.0,-3.26239,-0.951797,11.046738,-0.04776,0.23732,-0.587677,Eating
625,1664369088233.0,63.0,-3.631104,-1.559921,10.129761,0.704315,0.441849,-0.629227,Eating
626,1664369088334.0,63.0,-4.708496,-4.071442,6.591125,0.868378,-0.196243,-0.533356,Eating
627,1664369088436.0,63.0,-5.321411,-5.740189,7.771469,0.569031,-0.177063,-0.402328,Eating
628,1664369088538.0,63.0,-5.261551,-2.80011,8.44902,0.178085,0.040253,-0.342667,Eating
629,1664369088639.0,63.0,-4.682159,-1.416275,8.777039,-0.005142,0.074341,0.020584,Eating
630,1664369088741.0,63.0,0.0,0.0,0.0,0.0,0.0,0.0,Eating
631,1664369088842.0,64.0,-4.66301,-1.550339,9.117004,-0.064804,-0.039642,0.086624,Eating
632,1664369088944.0,64.0,-4.718079,-1.444992,9.028427,-0.060532,0.009354,0.014191,Eating
633,1664369089045.0,64.0,-4.557663,-1.533585,8.767456,-0.02858,0.075394,-0.019897,Eating
634,1664369089146.0,64.0,-4.538513,-1.859192,8.772247,-0.041367,-0.020477,-0.04866,Eating
635,1664369089247.0,64.0,-4.512177,-1.837646,8.858429,0.021484,-0.005554,-0.018829,Eating
636,1664369089351.0,64.0,-4.473862,-1.782578,8.865616,-0.049881,-0.046036,-0.01564,Eating
637,1664369089453.0,64.0,0.0,0.0,0.0,0.0,0.0,0.0,Eating
638,1664369089555.0,64.0,-4.428375,-3.159241,11.367554,0.616974,0.213882,-0.082748,Eating
639,1664369089658.0,64.0,-4.074036,-1.689209,11.044342,1.667313,0.540924,-0.286209,Eating
640,1664369089760.0,65.0,-4.859329,0.147141,9.246292,2.27771,0.643188,-0.568512,Eating
641,1664369089861.0,65.0,-5.388443,2.007446,6.25354,2.430054,0.744385,-0.777298,Eating
642,1664369089962.0,65.0,-6.880035,2.974701,4.19693,1.767456,0.821091,-0.678223,Eating
643,1664369090064.0,65.0,-8.211212,3.771973,2.841812,0.71817,0.147842,-0.376755,Eating
644,1664369090165.0,65.0,-7.246353,3.929977,4.089188,-0.157471,-0.204758,-0.057175,Eating
645,1664369090266.0,65.0,-7.227188,3.913223,5.537674,-0.177719,-0.068405,0.026978,Eating
646,1664369090367.0,65.0,-7.416336,3.657043,6.181717,0.036407,-0.111023,-0.03801,Eating
647,1664369090468.0,65.0,0.0,0.0,0.0,0.0,0.0,0.0,Eating
648,1664369090570.0,65.0,-7.217621,3.685776,6.006943,-0.018997,-0.00769,-0.01564,Eating
649,1664369090671.0,65.0,-7.188889,3.475082,5.640625,-0.027512,-0.019409,-0.02948,Eating
650,1664369090773.0,66.0,-7.385208,3.673798,5.817795,-0.085037,-0.146179,-0.001785,Eating
651,1664369090874.0,66.0,-7.301422,3.767181,6.038071,0.014023,0.006165,0.009933,Eating
652,1664369090975.0,66.0,-7.093124,3.690567,5.903992,0.018295,-0.014084,0.013123,Eating
653,1664369091076.0,66.0,-6.951859,3.518188,6.3134,-0.022186,-0.116348,0.04509,Eating
654,1664369091178.0,66.0,-7.033264,3.616348,6.469025,-0.023254,-0.009827,0.028046,Eating
655,1664369091279.0,66.0,-7.121857,3.54213,6.141022,0.020416,0.037048,0.029099,Eating
656,1664369091380.0,66.0,-7.236771,3.867737,5.817795,0.047058,0.041306,-0.014572,Eating
657,1664369091481.0,66.0,-7.071579,3.882095,6.097916,0.067291,0.004028,-0.01564,Eating
658,1664369091583.0,66.0,-7.332535,3.707321,6.073975,0.014023,-0.024734,-0.007111,Eating
659,1664369091684.0,66.0,-7.184097,3.676193,6.126648,-0.010468,-0.004501,-0.009247,Eating
660,1664369091785.0,67.0,-7.042847,3.616348,5.882446,-0.090363,-0.041779,0.059998,Eating
661,1664369091886.0,67.0,-6.980591,3.161453,5.930328,-0.184113,-0.078003,0.133499,Eating
662,1664369091988.0,67.0,-7.021286,2.735275,5.657379,-0.355621,-0.302765,0.392365,Eating
663,1664369092090.0,67.0,-6.437103,2.129547,5.784286,-0.904236,-0.410355,0.706619,Eating
664,1664369092192.0,67.0,-5.216064,1.949982,7.414734,-1.411301,-0.52861,1.146561,Eating
665,1664369092294.0,67.0,-4.674973,1.978714,8.911102,-1.424072,-0.363495,1.317017,Eating
666,1664369092396.0,67.0,-4.246414,1.581268,9.095459,-1.355896,-0.050308,1.145508,Eating
667,1664369092497.0,67.0,-3.652649,1.686615,8.72197,-1.495453,0.211761,0.898361,Eating
668,1664369092598.0,67.0,-3.470688,1.758438,10.534378,-1.169479,-0.062012,0.335907,Eating
669,1664369092700.0,67.0,-2.850601,0.874985,11.499237,-0.305557,-0.145111,-0.264908,Eating
670,1664369092801.0,68.0,-2.838623,0.436844,10.673233,0.794876,-0.589325,-0.678223,Eating
671,1664369092902.0,68.0,-4.466675,-1.828064,9.569519,0.39859,0.078598,-0.642014,Eating
672,1664369093003.0,68.0,-3.968689,-3.580627,8.987717,0.495529,0.022141,-0.496063,Eating
673,1664369093104.0,68.0,-4.174591,-1.179245,8.659714,0.118423,-0.011948,-0.298996,Eating
674,1664369093206.0,68.0,-4.042908,-0.267044,9.387558,-0.114868,0.017883,-0.024155,Eating
675,1664369093307.0,68.0,-3.813065,-0.176071,9.339676,-0.079712,-0.060959,0.070648,Eating
676,1664369093410.0,68.0,-3.659836,-0.085098,9.27742,-0.029648,0.045578,0.024841,Eating
677,1664369093511.0,68.0,-3.633499,-0.293381,9.694016,0.019363,-0.064148,-0.046524,Eating
678,1664369093612.0,68.0,-3.525757,-1.181641,11.738663,0.468903,0.123337,-0.162643,Eating
679,1664369093713.0,68.0,-3.925598,0.43924,11.633316,1.661987,0.647446,-0.445999,Eating
680,1664369093815.0,69.0,-4.471466,2.287567,8.810547,2.116867,0.959564,-0.67717,Eating
681,1664369093917.0,69.0,-4.861725,3.171021,5.216858,1.930435,1.090591,-0.574905,Eating
682,1664369094018.0,69.0,-6.556824,3.635498,3.093201,0.78421,0.688995,-0.388474,Eating
683,1664369094120.0,69.0,-6.659775,4.11673,4.280716,0.12056,-0.187714,-0.153061,Eating
684,1664369094221.0,69.0,-7.548019,4.937943,6.339737,0.010834,-0.185593,-0.072098,Eating
685,1664369094323.0,69.0,-6.985382,3.738449,5.911179,0.121628,-0.194107,0.118591,Eating
686,1664369094426.0,69.0,-6.587936,4.404037,5.59993,-0.102081,-0.005554,-0.01564,Eating
687,1664369094528.0,69.0,-7.105087,4.073639,6.251144,-0.106339,-0.074799,-0.036942,Eating
688,1664369094630.0,69.0,-6.750748,4.226868,5.82019,-0.147888,0.006165,-0.032684,Eating
689,1664369094732.0,69.0,-6.930313,3.99942,5.829773,0.082199,-0.01622,-0.096588,Eating
690,1664369094833.0,70.0,-7.038055,4.401642,5.611893,0.05983,-0.000229,-0.066772,Eating
691,1664369094935.0,70.0,-6.860886,4.032928,6.062012,-0.08078,-0.068405,-0.043335,Eating
692,1664369095036.0,70.0,-6.913559,4.119125,6.311005,-0.007278,-0.023666,0.000351,Eating
693,1664369095137.0,70.0,-6.824966,4.040115,6.126648,0.023621,0.02533,-0.01564,Eating
694,1664369095238.0,70.0,-6.832153,3.973083,6.315796,0.086472,-0.037521,-0.017761,Eating
695,1664369095340.0,70.0,-6.657379,3.903641,6.246353,0.001251,0.012543,0.017395,Eating
696,1664369095442.0,70.0,-7.121857,3.898865,6.035675,0.057709,-0.019409,-0.105118,Eating
697,1664369095544.0,70.0,-7.059601,3.889282,5.789063,-0.048828,-0.00769,-0.016708,Eating
698,1664369095645.0,70.0,-6.757935,3.846191,6.164963,-0.066925,0.007217,-0.018829,Eating
699,1664369095746.0,70.0,-6.987778,4.020966,6.107498,-0.001953,-0.03006,-0.022034,Eating
700,1664369095847.0,71.0,-6.927917,4.032928,6.006943,0.023621,0.038116,0.011002,Eating
701,1664369095949.0,71.0,-6.887222,4.315445,5.762726,0.05983,0.082855,-0.000717,Eating
702,1664369096050.0,71.0,-6.865677,3.877319,6.504929,0.016159,-0.048172,-0.024155,Eating
703,1664369096151.0,71.0,-7.174515,3.791122,6.088348,0.031067,0.048767,0.002472,Eating
704,1664369096252.0,71.0,-7.088333,3.810272,5.810608,-0.005142,0.023209,0.018448,Eating
705,1664369096354.0,71.0,-7.169739,2.558105,5.638229,-0.308746,-0.184525,0.083435,Eating
706,1664369096458.0,71.0,-7.294235,1.861389,5.944687,-0.607025,-0.444443,0.309265,Eating
707,1664369096560.0,71.0,-6.142624,2.725708,6.847305,-1.649918,-0.461487,0.792908,Eating
708,1664369096661.0,71.0,-4.916794,1.449585,7.740341,-2.08667,-0.701172,1.214752,Eating
709,1664369096762.0,72.0,-4.538513,1.277206,8.451416,-2.02063,-0.020477,1.631256,Eating
710,1664369096864.0,72.0,-3.592804,0.726547,10.120178,-1.649918,-0.227142,0.789703,Eating
711,1664369096965.0,72.0,-3.808273,0.791183,10.984482,-1.195038,0.272476,0.06958,Eating
712,1664369097068.0,72.0,-4.09079,-0.935028,11.041946,0.035339,0.041306,-0.226563,Eating
713,1664369097169.0,72.0,-3.504211,-0.257477,8.635773,0.709641,-0.091843,-0.730423,Eating
714,1664369097271.0,72.0,-3.583221,-1.61499,7.785828,0.44014,-0.30809,-1.022308,Eating
715,1664369097372.0,72.0,-4.50499,-4.868713,9.883148,0.75972,-0.223938,-0.54187,Eating
716,1664369097473.0,72.0,-4.033325,-2.316483,8.858429,0.497665,-0.009827,-0.251053,Eating
717,1664369097575.0,72.0,-4.354156,-1.447388,8.468185,-0.062668,0.080719,-0.00499,Eating
718,1664369097677.0,72.0,0.0,0.0,0.0,0.0,0.0,0.0,Eating
719,1664369097778.0,73.0,-4.119522,-0.542389,9.289383,-0.069061,0.000839,0.095154,Eating
720,1664369097879.0,73.0,-4.081207,-0.568726,9.761047,-0.009399,-0.021545,-0.034805,Eating
721,1664369097981.0,73.0,-3.576035,-1.440216,11.635712,0.627625,-0.035385,-0.17543,Eating
722,1664369098083.0,73.0,-3.542511,-0.080307,10.512833,1.432968,0.202164,-0.359711,Eating
723,1664369098184.0,73.0,-4.631882,1.562119,9.466568,1.672653,0.498306,-0.546143,Eating
724,1664369098285.0,73.0,-5.321411,2.807098,7.362061,1.696075,0.702835,-0.716583,Eating
725,1664369098386.0,73.0,-5.773911,2.321075,5.750763,1.202866,0.559036,-0.680359,Eating
726,1664369098488.0,73.0,-6.518509,3.238068,6.052429,0.810852,0.175537,-0.581284,Eating
727,1664369098591.0,73.0,-7.447464,4.025757,5.015747,0.554123,0.394974,-0.224426,Eating
728,1664369098693.0,73.0,-7.428314,4.095184,4.180161,0.031067,0.148911,-0.129623,Eating
729,1664369098794.0,74.0,-7.569565,4.198135,5.688507,-0.1138,-0.160019,-0.036942,Eating
730,1664369098895.0,74.0,-7.191284,4.190948,5.801041,0.008698,0.016815,-0.023087,Eating
731,1664369098997.0,74.0,-7.09552,4.178986,5.298264,-0.001953,-0.046036,-0.030548,Eating
732,1664369099100.0,74.0,-7.057205,4.076035,6.457047,-0.010468,-0.014084,-0.011368,Eating
733,1664369099201.0,74.0,-7.119461,3.925201,5.427536,0.080078,0.064743,-0.051849,Eating
734,1664369099304.0,74.0,-7.217621,4.147858,5.688507,-0.1138,-0.041779,0.048279,Eating
735,1664369099406.0,74.0,-7.222412,4.19574,6.27269,0.019363,-0.008759,0.024841,Eating
736,1664369099508.0,74.0,-7.152969,4.049698,5.628662,0.041733,0.030655,0.016327,Eating
737,1664369099610.0,74.0,-7.181702,3.910828,5.860901,-0.144699,-0.058823,-0.056122,Eating
738,1664369099712.0,74.0,-7.380417,3.807877,5.963852,-0.020065,-0.019409,0.021652,Eating
739,1664369099813.0,75.0,-7.251144,3.865341,5.846527,0.007645,0.069016,-0.008179,Eating
740,1664369099915.0,75.0,-7.208038,4.128708,5.240799,0.017227,0.01149,-0.018829,Eating
741,1664369100016.0,75.0,-6.214447,4.325027,3.904831,-0.24057,-0.195175,0.015259,Eating
742,1664369100118.0,75.0,-6.731598,3.846191,3.433167,-0.897842,-1.529953,-0.134949,Eating
743,1664369100219.0,75.0,-5.718842,2.613174,6.526489,-1.450714,-1.085739,1.788925,Eating
744,1664369100320.0,75.0,-3.781937,3.355377,9.84964,-0.572937,-0.761902,1.132721,Eating
745,1664369100421.0,75.0,-3.025375,0.980331,9.37558,-0.449356,-0.428467,1.209412,Eating
746,1664369100523.0,75.0,-5.903198,1.325089,10.287766,-0.143631,-0.999451,1.2957,Eating
747,1664369100625.0,75.0,-1.517029,2.543747,9.291779,-0.661346,0.029587,1.355362,Eating
748,1664369100727.0,75.0,-5.821793,-2.78096,11.705139,-0.409943,0.599518,0.959076,Eating
749,1664369100829.0,76.0,-4.703705,-1.945389,10.814499,-0.583588,0.081787,1.626999,Eating
