time,seconds_elapsed,z,y,x
1663862587404733200,0.181733154296875,-38.134765625,-21.66290283203125,-14.40887451171875
1663862587424722200,0.20172216796875,-38.4490966796875,-22.11151123046875,-13.4979248046875
1663862587444711400,0.22171142578125,-37.20550537109375,-21.04949951171875,-14.10064697265625
1663862587464669700,0.241669677734375,-37.07733154296875,-22.24578857421875,-11.82098388671875
1663862587484689400,0.261689453125,-35.723876953125,-23.01177978515625,-12.88909912109375
1663862587504678400,0.281678466796875,-37.677001953125,-21.795654296875,-12.27569580078125
1663862587524972500,0.30197265625,-35.98785400390625,-21.19598388671875,-13.64288330078125
1663862587544748000,0.321748046875,-34.7808837890625,-21.7926025390625,-12.73040771484375
1663862587564645400,0.341645263671875,-36.651611328125,-23.6175537109375,-12.2833251953125
1663862587584634400,0.36163427734375,-36.029052734375,-23.0133056640625,-12.88909912109375
1663862587604653800,0.38165380859375,-35.73455810546875,-23.4771728515625,-13.958740234375
1663862587624612400,0.4016123046875,-34.21630859375,-23.77471923828125,-13.653564453125
1663862587644601300,0.421601318359375,-35.1348876953125,-23.93035888671875,-13.80767822265625
1663862587664590300,0.44159033203125,-33.63189697265625,-24.84130859375,-13.96331787109375
1663862587684579600,0.46157958984375,-33.64410400390625,-25.31585693359375,-16.2506103515625
1663862587704568600,0.481568603515625,-34.2437744140625,-24.86419677734375,-16.55426025390625
1663862587724557600,0.5015576171875,-34.039306640625,-22.57843017578125,-15.9332275390625
1663862587744546600,0.521546630859375,-31.9610595703125,-25.018310546875,-17.46673583984375
1663862587764535600,0.54153564453125,-31.9549560546875,-24.72076416015625,-18.2281494140625
1663862587784524500,0.561524658203125,-31.201171875,-25.03509521484375,-19.59991455078125
1663862587804519000,0.581518798828125,-29.840087890625,-25.49896240234375,-20.819091796875
1663862587824508000,0.6015078125,-28.40728759765625,-22.772216796875,-22.32818603515625
1663862587844497000,0.621496826171875,-26.26800537109375,-22.36175537109375,-28.2684326171875
1663862587864455400,0.641455322265625,-21.099853515625,-22.979736328125,-30.7037353515625
1663862587884475000,0.661474853515625,-13.47198486328125,-22.686767578125,-33.89434814453125
1663862587904433400,0.681433349609375,-8.5357666015625,-19.976806640625,-38.14239501953125
1663862587924453000,0.701453125,-4.5074462890625,-17.09747314453125,-40.25726318359375
1663862587944442000,0.721442138671875,0.02288818359375,-12.2467041015625,-42.8192138671875
1663862587964431000,0.74143115234375,4.827880859375,-8.75396728515625,-44.3206787109375
1663862587984420000,0.761420166015625,5.3985595703125,-3.73687744140625,-44.14215087890625
1663862588004409000,0.7814091796875,7.8521728515625,3.558349609375,-44.71435546875
1663862588024398000,0.801398193359375,10.38970947265625,7.830810546875,-43.31817626953125
1663862588044387000,0.821386962890625,9.32159423828125,14.5172119140625,-43.13507080078125
1663862588064376000,0.8413759765625,13.66424560546875,17.59185791015625,-40.0665283203125
1663862588084365000,0.861364990234375,12.53814697265625,21.70562744140625,-38.52386474609375
1663862588104354000,0.88135400390625,10.88104248046875,22.61199951171875,-38.67340087890625
1663862588124343000,0.901343017578125,9.3597412109375,22.7569580078125,-39.13116455078125
1663862588144332000,0.92133203125,8.3160400390625,23.8128662109375,-39.8895263671875
1663862588164290600,0.94129052734375,7.965087890625,21.82769775390625,-40.814208984375
1663862588184310300,0.961310302734375,8.22601318359375,19.86083984375,-39.90936279296875
1663862588204299300,0.98129931640625,10.6903076171875,20.93048095703125,-39.90020751953125
1663862588224257800,1.0012578125,12.34130859375,19.72503662109375,-38.99078369140625
1663862588244277200,1.02127734375,13.702392578125,19.2718505859375,-38.99078369140625
1663862588264266200,1.041266357421875,13.2659912109375,20.184326171875,-38.83514404296875
1663862588284255200,1.061255126953125,14.44244384765625,18.218994140625,-37.92877197265625
1663862588304244200,1.081244140625,15.0726318359375,19.12689208984375,-38.53302001953125
1663862588324202800,1.10120263671875,14.923095703125,19.281005859375,-38.22784423828125
1663862588344191700,1.121191650390625,16.9036865234375,19.140625,-37.31231689453125
1663862588364211200,1.141211181640625,15.19927978515625,17.926025390625,-36.8621826171875
1663862588384200200,1.1612001953125,17.8985595703125,22.64556884765625,-36.37847900390625
1663862588404525000,1.181525146484375,17.926025390625,23.73504638671875,-33.477783203125
1663862588424269800,1.201269775390625,19.25201416015625,28.3172607421875,-31.0150146484375
1663862588444167400,1.22116748046875,20.93658447265625,28.49884033203125,-27.96478271484375
1663862588464156400,1.241156494140625,22.24273681640625,32.05108642578125,-21.54541015625
1663862588484145400,1.2611455078125,22.00469970703125,34.94720458984375,-20.46356201171875
1663862588504164900,1.281164794921875,22.50823974609375,36.93695068359375,-18.7774658203125
1663862588524123400,1.301123291015625,22.186279296875,36.18011474609375,-18.32427978515625
1663862588544112400,1.3211123046875,22.07489013671875,37.8753662109375,-15.5731201171875
1663862588564101400,1.341101318359375,22.66845703125,37.12615966796875,-14.50958251953125
1663862588584090400,1.36109033203125,21.17462158203125,38.4857177734375,-15.11383056640625
1663862588604079400,1.381079345703125,21.62017822265625,37.89520263671875,-13.134765625
1663862588624068400,1.401068359375,22.39227294921875,38.34991455078125,-13.4368896484375
1663862588644057600,1.4210576171875,23.42529296875,36.83013916015625,-13.7481689453125
1663862588664046600,1.441046630859375,23.77777099609375,38.95416259765625,-14.1937255859375
1663862588684035600,1.46103564453125,21.1578369140625,37.73193359375,-14.35546875
1663862588704024600,1.481024658203125,21.209716796875,39.8895263671875,-10.687255859375
1663862588724013600,1.501013671875,20.745849609375,39.58892822265625,-10.2325439453125
1663862588744002600,1.52100244140625,20.64361572265625,41.60614013671875,-5.34515380859375
1663862588763991600,1.540991455078125,24.755859375,41.19873046875,-0.46539306640625
1663862588783980500,1.56098046875,22.60894775390625,40.72723388671875,-1.84173583984375
1663862588803939000,1.58093896484375,21.2432861328125,40.76995849609375,3.64227294921875
1663862588823958500,1.60095849609375,20.477294921875,40.49835205078125,7.60345458984375
1663862588843947500,1.620947509765625,18.81561279296875,40.98663330078125,11.871337890625
1663862588863936500,1.6409365234375,16.9647216796875,39.947509765625,15.216064453125
1663862588883925800,1.66092578125,14.22576904296875,40.1031494140625,16.4337158203125
1663862588903914800,1.680914794921875,10.2569580078125,39.813232421875,19.0185546875
1663862588923903700,1.70090380859375,10.07843017578125,38.6199951171875,21.7559814453125
1663862588943892700,1.720892822265625,9.307861328125,38.17138671875,22.81951904296875
1663862588963881700,1.7408818359375,8.24127197265625,38.18511962890625,24.64752197265625
1663862588983870700,1.76087060546875,7.17315673828125,38.17596435546875,23.883056640625
1663862589003859700,1.780859619140625,10.235595703125,38.77716064453125,22.3663330078125
1663862589023848700,1.8008486328125,10.51177978515625,37.4237060546875,23.883056640625
1663862589043837700,1.820837646484375,12.0330810546875,37.27264404296875,23.73199462890625
1663862589063796200,1.840796142578125,14.89715576171875,35.89630126953125,21.8994140625
1663862589083815700,1.860815673828125,16.9097900390625,37.1368408203125,24.346923828125
1663862589103805000,1.880804931640625,18.6981201171875,35.3118896484375,23.883056640625
1663862589123794000,1.9007939453125,18.65692138671875,33.4991455078125,25.09307861328125
1663862589143783000,1.920782958984375,20.46966552734375,32.745361328125,25.396728515625
1663862589163772000,1.94077197265625,23.32611083984375,30.92498779296875,25.08544921875
1663862589183761000,1.960760986328125,24.4781494140625,27.9022216796875,26.7486572265625
1663862589203750000,1.98075,24.16839599609375,27.6123046875,28.57513427734375
1663862589223739000,2.00073876953125,24.25994873046875,24.8809814453125,29.0191650390625
1663862589243728000,2.020727783203125,24.16229248046875,20.4925537109375,31.2835693359375
1663862589263686400,2.040686279296875,26.904296875,20.35064697265625,31.74285888671875
1663862589284041700,2.061041748046875,26.5411376953125,17.779541015625,33.25347900390625
1663862589303817000,2.08081689453125,25.77972412109375,17.78411865234375,34.014892578125
1663862589323683800,2.100683837890625,26.1688232421875,14.7491455078125,34.4573974609375
1663862589343673000,2.120673095703125,27.349853515625,12.939453125,35.97412109375
1663862589363662000,2.140662109375,26.4068603515625,11.7218017578125,35.8154296875
1663862589383651000,2.160651123046875,26.3946533203125,11.2548828125,34.59320068359375
1663862589403640000,2.18064013671875,25.01983642578125,11.102294921875,34.8968505859375
1663862589423629000,2.200629150390625,25.16021728515625,10.50872802734375,36.5692138671875
1663862589443618000,2.2206181640625,25.01220703125,10.80169677734375,35.198974609375
1663862589463607000,2.24060693359375,25.93841552734375,11.26708984375,36.1175537109375
1663862589483596000,2.260595947265625,25.93841552734375,11.2640380859375,35.8123779296875
1663862589503585000,2.2805849609375,25.67291259765625,13.07525634765625,34.29718017578125
1663862589523574000,2.300573974609375,26.17645263671875,15.05584716796875,34.91668701171875
1663862589543563000,2.32056298828125,26.55181884765625,18.2342529296875,33.25653076171875
1663862589563552000,2.340552001953125,26.56402587890625,18.829345703125,31.7352294921875
1663862589583541200,2.360541259765625,26.7303466796875,19.439697265625,31.890869140625
1663862589603530200,2.3805302734375,25.72174072265625,22.015380859375,31.292724609375
1663862589623519200,2.400519287109375,26.04522705078125,23.0438232421875,26.87835693359375
1663862589643508200,2.42050830078125,26.26190185546875,25.787353515625,27.80609130859375
1663862589663497200,2.440497314453125,25.56610107421875,28.68194580078125,28.88641357421875
1663862589683486200,2.460486328125,23.3428955078125,31.68792724609375,25.3936767578125
1663862589703475200,2.48047509765625,22.55706787109375,30.621337890625,25.3875732421875
1663862589723464200,2.500464111328125,21.0693359375,32.27996826171875,24.17449951171875
1663862589743453200,2.520453125,21.075439453125,32.58056640625,23.71978759765625
1663862589763411700,2.54041162109375,19.43511962890625,34.24072265625,22.8118896484375
1663862589783431200,2.56043115234375,18.80950927734375,33.6181640625,21.13189697265625
1663862589803420200,2.580420166015625,18.25714111328125,36.19537353515625,20.53375244140625
1663862589823409400,2.600409423828125,18.88427734375,36.95220947265625,20.08056640625
1663862589843398400,2.6203984375,16.89910888671875,36.8011474609375,20.6878662109375
1663862589863387400,2.640387451171875,17.97027587890625,37.09259033203125,18.86138916015625
1663862589883376400,2.66037646484375,18.27239990234375,36.944580078125,19.317626953125
1663862589903365400,2.680365478515625,15.68145751953125,36.94915771484375,20.53375244140625
1663862589923354400,2.700354248046875,15.10009765625,38.1683349609375,20.99761962890625
1663862589943343400,2.72034326171875,14.19525146484375,38.751220703125,18.255615234375
1663862589963332400,2.740332275390625,13.87939453125,38.28887939453125,17.49114990234375
1663862589983321300,2.7603212890625,13.01422119140625,40.41595458984375,17.80548095703125
1663862590003310300,2.780310302734375,11.6302490234375,39.9505615234375,17.03948974609375
1663862590023299300,2.80029931640625,12.8814697265625,41.32080078125,16.89453125
1663862590043288300,2.820288330078125,11.328125,40.0970458984375,16.4306640625
1663862590063277600,2.840277587890625,9.34295654296875,39.95361328125,17.79937744140625
1663862590083266600,2.8602666015625,9.21173095703125,40.86761474609375,18.26019287109375
1663862590103255600,2.880255615234375,10.28900146484375,41.314697265625,16.8914794921875
1663862590123244500,2.90024462890625,11.20758056640625,41.473388671875,17.35076904296875
1663862590143233500,2.920233642578125,8.75701904296875,41.009521484375,17.041015625
1663862590163558100,2.94055810546875,12.7105712890625,40.435791015625,20.24383544921875
1663862590183333600,2.960333740234375,13.4368896484375,38.897705078125,17.7978515625
1663862590203231000,2.98023095703125,13.45672607421875,39.6820068359375,20.697021484375
1663862590223189500,3.000189453125,15.673828125,36.51123046875,22.6654052734375
1663862590243178500,3.020178466796875,20.1751708984375,33.1939697265625,24.63531494140625
1663862590263167500,3.04016748046875,23.93951416015625,31.207275390625,22.344970703125
1663862590283156700,3.06015673828125,23.29254150390625,29.534912109375,22.4884033203125
1663862590303145700,3.080145751953125,23.1109619140625,28.18145751953125,24.15771484375
1663862590323165200,3.100165283203125,23.53668212890625,26.68609619140625,26.89361572265625
1663862590343123700,3.120123779296875,25.49896240234375,25.78582763671875,27.80609130859375
1663862590363112700,3.14011279296875,25.28533935546875,23.052978515625,28.2501220703125
1663862590383132200,3.160132080078125,28.2562255859375,19.5709228515625,29.150390625
1663862590403121200,3.18012109375,28.839111328125,18.3624267578125,29.754638671875
1663862590423110100,3.200110107421875,28.74755859375,14.27154541015625,31.25762939453125
1663862590443099100,3.22009912109375,29.02374267578125,12.9241943359375,33.68988037109375
1663862590463088000,3.240088134765625,29.7271728515625,10.33782958984375,33.06884765625
1663862590483077400,3.260077392578125,28.826904296875,10.95123291015625,33.98590087890625
1663862590503066400,3.28006640625,26.495361328125,8.97216796875,34.124755859375
1663862590523025000,3.30002490234375,26.68304443359375,10.50262451171875,35.3515625
1663862590543014000,3.320013916015625,26.15203857421875,13.9862060546875,34.149169921875
1663862590563003000,3.3400029296875,25.2227783203125,13.38043212890625,34.60235595703125
1663862590582992000,3.359991943359375,23.15673828125,16.41082763671875,34.0057373046875
1663862590602980900,3.37998095703125,23.974609375,18.84002685546875,33.56170654296875
1663862590622969900,3.399969970703125,24.32861328125,21.09832763671875,30.9814453125
1663862590642958800,3.419958740234375,23.455810546875,23.05908203125,29.46624755859375
1663862590662947800,3.43994775390625,23.02703857421875,24.27520751953125,29.62493896484375
1663862590682936800,3.459936767578125,23.03466796875,24.7161865234375,27.7984619140625
1663862590702925800,3.47992578125,22.19390869140625,28.04718017578125,26.44195556640625
1663862590722914800,3.499914794921875,23.1231689453125,28.65447998046875,26.2939453125
1663862590742903800,3.51990380859375,21.95281982421875,30.9112548828125,23.86474609375
1663862590762893000,3.53989306640625,19.35272216796875,30.60302734375,23.86016845703125
1663862590782882000,3.559882080078125,17.57049560546875,32.7178955078125,22.80120849609375
1663862590802871000,3.57987109375,16.67633056640625,33.63189697265625,23.41461181640625
1663862590822860000,3.599860107421875,15.9423828125,34.84954833984375,23.724365234375
1663862590842818600,3.619818603515625,14.1265869140625,35.45684814453125,24.18365478515625
1663862590862838000,3.639838134765625,13.5284423828125,35.919189453125,24.94659423828125
1663862590882827000,3.659826904296875,13.39874267578125,37.10784912109375,21.75140380859375
1663862590902816000,3.67981591796875,8.880615234375,39.53399658203125,22.36785888671875
1663862590922805000,3.699804931640625,9.27734375,36.8072509765625,23.2696533203125
1663862590942794000,3.7197939453125,8.23974609375,38.16986083984375,22.8179931640625
1663862590962783000,3.739782958984375,5.80902099609375,38.6138916015625,22.0550537109375
1663862590982772000,3.75977197265625,5.047607421875,38.61846923828125,22.81646728515625
1663862591002761200,3.77976123046875,4.13665771484375,38.76495361328125,22.35870361328125
1663862591022750200,3.799750244140625,3.1005859375,40.13519287109375,22.9736328125
1663862591043105300,3.820105224609375,2.18048095703125,39.971923828125,21.7529296875
1663862591062850300,3.839850341796875,1.23748779296875,38.7451171875,20.831298828125
1663862591082717200,3.85971728515625,-0.86669921875,40.106201171875,20.53070068359375
1663862591102736600,3.879736572265625,-0.40283203125,40.40679931640625,19.92340087890625
1663862591122695200,3.899695068359375,-1.48162841796875,39.947509765625,19.92034912109375
1663862591142684200,3.91968408203125,-2.7099609375,39.49737548828125,20.831298828125
1663862591162673200,3.939673095703125,-3.26995849609375,41.76177978515625,19.1650390625
1663862591182662100,3.959662109375,-1.94854736328125,39.4989013671875,20.831298828125
1663862591202681900,3.979681884765625,-3.46527099609375,39.79949951171875,20.831298828125
1663862591222640000,3.99964013671875,-3.326416015625,39.1937255859375,20.9808349609375
1663862591242629400,4.01962939453125,-1.64337158203125,39.49127197265625,19.76470947265625
1663862591262618400,4.039618408203125,-1.46026611328125,40.7318115234375,22.81951904296875
1663862591282577000,4.059576904296875,1.24664306640625,39.0655517578125,22.662353515625
1663862591302596400,4.079596435546875,2.618408203125,39.07012939453125,22.96905517578125
1663862591322585300,4.09958544921875,6.1065673828125,38.1805419921875,24.64447021484375
1663862591342544000,4.1195439453125,7.02056884765625,38.04168701171875,26.0162353515625
1663862591362563300,4.139563232421875,8.80126953125,35.90850830078125,24.94049072265625
1663862591382552300,4.15955224609375,12.21771240234375,38.65203857421875,25.11138916015625
1663862591402510800,4.1795107421875,16.00189208984375,36.48681640625,23.0194091796875
1663862591422530300,4.1995302734375,16.29180908203125,35.74066162109375,24.5391845703125
1663862591442519300,4.219519287109375,15.631103515625,33.46710205078125,25.4425048828125
1663862591462508500,4.239508544921875,16.09649658203125,33.78143310546875,26.5106201171875
1663862591482497500,4.25949755859375,18.79119873046875,31.5185546875,27.874755859375
1663862591502486500,4.279486572265625,19.5404052734375,30.92041015625,28.7872314453125
1663862591522475500,4.2994755859375,20.87249755859375,29.24041748046875,27.4078369140625
1663862591542464500,4.319464599609375,20.111083984375,29.241943359375,27.86407470703125
1663862591562453500,4.33945361328125,21.92535400390625,28.4942626953125,28.9306640625
1663862591582442500,4.3594423828125,19.476318359375,28.04107666015625,29.840087890625
1663862591602431500,4.379431396484375,19.7845458984375,28.2012939453125,30.755615234375
1663862591622420500,4.39942041015625,19.76776123046875,27.4444580078125,31.05621337890625
1663862591642409500,4.419409423828125,18.69964599609375,27.43072509765625,29.68292236328125
1663862591662398500,4.4393984375,17.5140380859375,28.95355224609375,30.29937744140625
1663862591682357000,4.45935693359375,17.56134033203125,31.06536865234375,28.48052978515625
1663862591702376700,4.479376708984375,18.18389892578125,31.6741943359375,28.33099365234375
1663862591722365700,4.49936572265625,15.33203125,33.7738037109375,25.7476806640625
1663862591742354700,4.519354736328125,15.50445556640625,34.67559814453125,24.5330810546875
1663862591762343700,4.53934375,16.265869140625,34.6649169921875,23.01025390625
1663862591782332700,4.559332763671875,14.48516845703125,36.7950439453125,23.78082275390625
1663862591802321700,4.57932177734375,12.835693359375,38.13629150390625,21.0418701171875
1663862591822310700,4.599310546875,13.2904052734375,38.1195068359375,18.90869140625
1663862591842299600,4.619299560546875,11.49139404296875,39.47906494140625,18.45703125
1663862591862288600,4.63928857421875,10.00518798828125,41.2841796875,16.6351318359375
1663862591882277600,4.659277587890625,9.808349609375,39.312744140625,17.23480224609375
1663862591902266600,4.6792666015625,6.04095458984375,41.27960205078125,17.0867919921875
1663862591922622000,4.6996220703125,5.2886962890625,41.7236328125,15.869140625
1663862591942397400,4.7193974609375,3.936767578125,42.633056640625,15.8721923828125
1663862591962264300,4.739264404296875,1.9561767578125,42.7734375,14.9566650390625
1663862591982222800,4.759222900390625,1.1932373046875,42.76885986328125,14.6514892578125
1663862592002211800,4.7792119140625,-0.445556640625,44.4366455078125,14.5050048828125
1663862592022186200,4.799186279296875,-2.6153564453125,42.913818359375,14.79949951171875
1663862592042175200,4.81917529296875,-4.7393798828125,43.37005615234375,15.25726318359375
1663862592062164200,4.839164306640625,-4.45098876953125,42.61016845703125,15.252685546875
1663862592082153200,4.8591533203125,-5.52520751953125,42.3095703125,15.8599853515625
1663862592102111700,4.87911181640625,-6.7474365234375,42.1661376953125,17.230224609375
1663862592122131200,4.899131103515625,-9.20562744140625,41.259765625,18.4417724609375
1663862592142120400,4.919120361328125,-9.4757080078125,42.91534423828125,16.62139892578125
1663862592162109400,4.939109375,-9.3536376953125,41.546630859375,16.461181640625
1663862592182098400,4.959098388671875,-9.92889404296875,43.07098388671875,17.230224609375
1663862592202087400,4.97908740234375,-10.41412353515625,41.8487548828125,16.46270751953125
1663862592222076400,4.999076416015625,-10.8978271484375,40.63873291015625,17.37060546875
1663862592242065400,5.0190654296875,-11.5234375,40.01617431640625,15.6890869140625
1663862592262054400,5.039054443359375,-12.5823974609375,40.33050537109375,17.21343994140625
1663862592282043400,5.05904345703125,-12.896728515625,40.01007080078125,15.3839111328125
1663862592302032400,5.079032470703125,-12.26043701171875,41.09649658203125,17.98095703125
1663862592322021400,5.099021484375,-14.22882080078125,41.693115234375,17.06695556640625
1663862592342010400,5.11901025390625,-15.01617431640625,40.62957763671875,17.36602783203125
1663862592361969000,5.138968994140625,-15.17486572265625,40.32745361328125,17.51556396484375
1663862592381988600,5.158988525390625,-13.3331298828125,40.7928466796875,18.2830810546875
1663862592401977600,5.1789775390625,-15.00244140625,41.2384033203125,17.3675537109375
1663862592421966600,5.198966552734375,-14.3829345703125,41.56036376953125,19.3511962890625
1663862592441955600,5.21895556640625,-11.79962158203125,41.11328125,19.8089599609375
1663862592461944600,5.238944580078125,-8.7371826171875,41.72515869140625,19.51141357421875
1663862592481933600,5.25893359375,-9.2041015625,41.27197265625,19.96612548828125
1663862592501922600,5.278922607421875,-7.373046875,41.28265380859375,20.7305908203125
1663862592521881000,5.298881103515625,-4.81109619140625,39.92462158203125,21.33636474609375
1663862592541900500,5.318900634765625,-1.55487060546875,42.36297607421875,21.35162353515625
1663862592561889500,5.3388896484375,0.43182373046875,42.52166748046875,21.65985107421875
1663862592581878500,5.35887841796875,6.5093994140625,41.741943359375,17.7001953125
1663862592601867500,5.378867431640625,8.489990234375,41.6015625,18.61572265625
1663862592621826000,5.398825927734375,9.3994140625,41.31317138671875,20.2911376953125
1663862592641845800,5.418845703125,10.003662109375,41.01715087890625,21.05255126953125
1663862592661834800,5.438834716796875,13.4857177734375,39.8223876953125,22.72796630859375
1663862592681793300,5.458793212890625,16.20025634765625,38.47198486328125,23.94256591796875
1663862592701812700,5.478812744140625,16.74346923828125,35.57891845703125,23.16741943359375
1663862592721801700,5.4988017578125,19.15740966796875,34.375,24.078369140625
1663862592741760300,5.51876025390625,19.12384033203125,32.861328125,24.83367919921875
1663862592761779700,5.53877978515625,20.36590576171875,33.79058837890625,26.51519775390625
1663862592781768700,5.558768798828125,20.947265625,32.5714111328125,26.0528564453125
1663862592802002000,5.579001953125,19.8883056640625,32.8857421875,27.42462158203125
1663862592821899300,5.598899169921875,20.05615234375,33.4991455078125,28.03802490234375
1663862592841735700,5.618735595703125,18.8201904296875,32.88116455078125,27.11944580078125
1663862592861725000,5.638724853515625,19.329833984375,35.28594970703125,23.93035888671875
1663862592881744400,5.658744384765625,18.90106201171875,36.50665283203125,24.54681396484375
1663862592901703000,5.678702880859375,18.316650390625,37.7044677734375,22.57080078125
1663862592921661400,5.698661376953125,16.32843017578125,37.530517578125,20.43304443359375
1663862592941681000,5.718680908203125,15.3350830078125,40.8599853515625,19.0765380859375
1663862592961670000,5.738669921875,15.2008056640625,41.75567626953125,17.10052490234375
1663862592981628400,5.75862841796875,12.31536865234375,42.3370361328125,14.813232421875
1663862593001647900,5.77864794921875,10.79559326171875,42.626953125,13.44146728515625
1663862593021636900,5.798636962890625,11.1083984375,42.93670654296875,14.0533447265625
1663862593041595400,5.818595458984375,8.87298583984375,45.3399658203125,11.3189697265625
1663862593061614800,5.83861474609375,7.48443603515625,44.586181640625,12.3809814453125
1663862593081603800,5.858603759765625,4.6051025390625,45.33843994140625,12.0758056640625
1663862593101562400,5.878562255859375,2.90679931640625,44.427490234375,12.6800537109375
1663862593121582000,5.89858203125,-0.42572021484375,45.4742431640625,11.46240234375
1663862593141571000,5.918571044921875,0.03662109375,45.7550048828125,8.56781005859375
1663862593161529600,5.938529541015625,-3.3172607421875,45.76263427734375,10.39276123046875
1663862593181549000,5.958549072265625,-4.08935546875,45.31097412109375,11.00006103515625
1663862593201538000,5.9785380859375,-6.3751220703125,45.30792236328125,11.30218505859375
1663862593221496600,5.99849658203125,-6.22711181640625,45.15228271484375,10.84442138671875
1663862593241516000,6.01851611328125,-8.37249755859375,44.69757080078125,11.44866943359375
1663862593261505000,6.038505126953125,-8.7005615234375,43.64013671875,12.20550537109375
1663862593281463600,6.058463623046875,-9.74273681640625,44.708251953125,12.97149658203125
1663862593301483000,6.07848291015625,-10.3546142578125,44.56024169921875,13.580322265625
1663862593321472300,6.09847216796875,-12.1917724609375,44.25811767578125,14.33868408203125
1663862593341461200,6.118461181640625,-12.81890869140625,43.4967041015625,14.3341064453125
1663862593361450200,6.1384501953125,-13.27056884765625,43.7835693359375,12.353515625
1663862593381439200,6.158439208984375,-13.15155029296875,42.27752685546875,14.0228271484375
1663862593401397800,6.178397705078125,-13.6138916015625,42.1173095703125,13.1072998046875
1663862593421417200,6.198417236328125,-15.2557373046875,43.63250732421875,12.9608154296875
1663862593441406200,6.21840625,-16.0491943359375,42.26837158203125,13.714599609375
1663862593461395200,6.238395263671875,-14.9505615234375,43.63861083984375,13.72222900390625
1663862593481384200,6.25838427734375,-15.716552734375,43.487548828125,13.873291015625
1663862593501373200,6.278373291015625,-15.75164794921875,41.83502197265625,16.15142822265625
1663862593521362200,6.298362060546875,-15.447998046875,41.8304443359375,15.69366455078125
1663862593541351200,6.31835107421875,-16.03851318359375,42.60101318359375,17.0684814453125
1663862593561340400,6.33834033203125,-15.13519287109375,42.132568359375,15.39154052734375
1663862593581329400,6.358329345703125,-13.2720947265625,43.52264404296875,17.53387451171875
1663862593601318400,6.378318359375,-12.05596923828125,43.3746337890625,17.68646240234375
1663862593621307400,6.398307373046875,-9.9365234375,42.755126953125,15.704345703125
1663862593641296400,6.41829638671875,-7.31964111328125,43.701171875,19.21844482421875
1663862593661285400,6.438285400390625,-3.350830078125,44.000244140625,17.7001953125
1663862593681518600,6.4585185546875,0.76904296875,44.02923583984375,19.99053955078125
1663862593701416000,6.478416015625,2.29949951171875,44.31915283203125,18.01300048828125
1663862593721252400,6.49825244140625,4.27398681640625,44.01702880859375,17.70782470703125
1663862593741271800,6.518271728515625,9.11865234375,42.50640869140625,17.5537109375
1663862593761230300,6.538230224609375,11.4227294921875,43.14117431640625,20.1507568359375
1663862593781188900,6.55818896484375,15.31982421875,40.1153564453125,20.90301513671875
1663862593801208600,6.57820849609375,16.3543701171875,38.6138916015625,22.72491455078125
1663862593821197600,6.598197509765625,19.3939208984375,38.165283203125,22.8790283203125
1663862593841186600,6.6181865234375,20.23773193359375,34.98077392578125,23.47412109375
1663862593861145000,6.63814501953125,19.47784423828125,35.00518798828125,26.67388916015625
1663862593881164500,6.65816455078125,21.2371826171875,31.83135986328125,28.1829833984375
1663862593901153500,6.678153564453125,21.71173095703125,32.59124755859375,28.18756103515625
1663862593921142500,6.698142578125,20.90911865234375,30.77239990234375,28.9398193359375
1663862593941131500,6.718131591796875,21.6796875,31.085205078125,29.70428466796875
1663862593961120500,6.73812060546875,20.4925537109375,32.5958251953125,28.948974609375
1663862593981109500,6.758109619140625,19.6136474609375,34.24530029296875,26.5167236328125
1663862594001098500,6.778098388671875,19.3572998046875,36.37542724609375,26.98516845703125
1663862594021057000,6.79805712890625,18.438720703125,36.21368408203125,26.068115234375
1663862594041076700,6.81807666015625,16.47491455078125,37.10784912109375,24.39422607421875
1663862594061065700,6.838065673828125,17.42095947265625,38.60931396484375,21.9635009765625
1663862594081024300,6.858024169921875,15.60821533203125,39.35699462890625,20.8984375
1663862594101043700,6.878043701171875,14.8773193359375,40.85845947265625,19.0765380859375
1663862594121032700,6.89803271484375,12.76702880859375,41.91436767578125,18.621826171875
1663862594140991200,6.9179912109375,10.48126220703125,42.05169677734375,17.401123046875
1663862594161010700,6.9380107421875,9.60540771484375,43.853759765625,14.97039794921875
1663862594180999700,6.957999755859375,6.55975341796875,44.00634765625,15.88287353515625
1663862594200988700,6.97798876953125,6.268310546875,44.60906982421875,15.42816162109375
1663862594220977700,6.997977783203125,3.04718017578125,43.83392333984375,14.35394287109375
1663862594240966700,7.017966552734375,-0.1007080078125,46.12274169921875,16.1895751953125
1663862594260955600,7.03795556640625,-2.42462158203125,44.58465576171875,14.65606689453125
1663862594280945000,7.05794482421875,-2.56500244140625,45.184326171875,13.74359130859375
1663862594300934000,7.077933837890625,-3.9215087890625,45.79620361328125,14.508056640625
1663862594320923000,7.0979228515625,-6.207275390625,45.806884765625,16.33453369140625
1663862594340911900,7.117911865234375,-7.4737548828125,43.8140869140625,14.64691162109375
1663862594360900900,7.13790087890625,-9.12933349609375,44.73114013671875,15.56396484375
1663862594380889900,7.157889892578125,-8.65478515625,45.49102783203125,15.5670166015625
1663862594400878800,7.17787890625,-10.5438232421875,42.90618896484375,15.85693359375
1663862594420867800,7.197867919921875,-12.3291015625,44.7418212890625,17.694091796875
1663862594440856800,7.21785693359375,-12.04376220703125,43.9666748046875,15.86151123046875
1663862594460845800,7.237845703125,-12.34893798828125,43.9666748046875,15.8599853515625
1663862594480834800,7.257834716796875,-15.27099609375,42.88787841796875,14.7857666015625
1663862594500824000,7.277823974609375,-15.22979736328125,44.708251953125,14.48974609375
1663862594520813000,7.29781298828125,-16.60308837890625,44.6990966796875,13.72528076171875
1663862594540802000,7.317802001953125,-18.0328369140625,42.12646484375,15.38848876953125
1663862594561035000,7.338034912109375,-17.26531982421875,42.41943359375,13.86566162109375
1663862594580963000,7.357963134765625,-18.3319091796875,42.42095947265625,14.3218994140625
1663862594600799500,7.377799560546875,-17.877197265625,42.27752685546875,15.23590087890625
1663862594620758000,7.397758056640625,-17.11578369140625,42.2760009765625,14.7796630859375
1663862594640747000,7.4177470703125,-19.244384765625,42.5689697265625,14.0167236328125
1663862594660736000,7.437736083984375,-19.44732666015625,40.29693603515625,14.9200439453125
1663862594680725000,7.45772509765625,-18.53485107421875,40.15350341796875,15.8355712890625
1663862594700714000,7.4777138671875,-17.13714599609375,41.23382568359375,17.36602783203125
1663862594720703000,7.497702880859375,-14.54315185546875,41.25213623046875,18.8934326171875
1663862594740692200,7.517692138671875,-12.80975341796875,43.80950927734375,15.4022216796875
1663862594760681200,7.53768115234375,-9.4390869140625,44.44427490234375,17.69561767578125
1663862594780670200,7.557670166015625,-5.79833984375,43.6798095703125,16.3238525390625
1663862594800659200,7.5776591796875,-4.736328125,43.39447021484375,18.15185546875
1663862594820648200,7.597648193359375,-1.19476318359375,44.9127197265625,17.25006103515625
1663862594840637200,7.61763720703125,1.86767578125,45.5230712890625,16.64581298828125
1663862594860626200,7.637626220703125,4.608154296875,45.36590576171875,15.4296875
1663862594880615200,7.657615234375,3.863525390625,46.1334228515625,16.49932861328125
1663862594900573700,7.67757373046875,8.08258056640625,43.8690185546875,17.254638671875
1663862594920593200,7.69759326171875,13.56658935546875,43.58367919921875,18.02215576171875
1663862594940582100,7.71758203125,14.752197265625,42.07305908203125,18.9300537109375
1663862594960571100,7.737571044921875,17.62847900390625,41.033935546875,21.06170654296875
1663862594980560400,7.757560302734375,19.26116943359375,39.06707763671875,21.66290283203125
1663862595000549400,7.77754931640625,20.2789306640625,36.80877685546875,24.09210205078125
1663862595020538400,7.797538330078125,19.96002197265625,36.18927001953125,22.71728515625
1663862595040527400,7.81752734375,20.135498046875,37.127685546875,25.77056884765625
1663862595060486000,7.83748583984375,20.83892822265625,34.53521728515625,24.6917724609375
1663862595080505300,7.85750537109375,19.20623779296875,36.50970458984375,24.85198974609375
1663862595100494300,7.877494384765625,16.46270751953125,36.639404296875,22.86834716796875
1663862595120452900,7.897452880859375,18.9483642578125,38.62457275390625,23.4893798828125
1663862595140472300,7.917472412109375,16.68548583984375,39.82086181640625,21.6644287109375
1663862595160461300,7.93746142578125,15.49072265625,41.01104736328125,18.92547607421875
1663862595180450300,7.9574501953125,15.496826171875,41.3055419921875,17.70782470703125
1663862595200439300,7.977439208984375,12.6129150390625,42.034912109375,14.813232421875
1663862595220428500,7.997428466796875,12.8265380859375,44.63043212890625,16.19720458984375
1663862595240417500,8.01741748046875,11.9293212890625,45.52001953125,13.76190185546875
1663862595260406500,8.037406494140624,10.7269287109375,46.405029296875,11.02142333984375
1663862595280395500,8.0573955078125,8.62579345703125,47.91717529296875,10.56976318359375
1663862595300384500,8.077384521484374,5.4107666015625,47.3052978515625,10.8673095703125
1663862595320373500,8.09737353515625,1.12152099609375,46.51641845703125,8.57391357421875
1663862595340362500,8.117362548828124,0.982666015625,47.12982177734375,9.185791015625
1663862595360351500,8.1373515625,-3.39813232421875,48.944091796875,9.19036865234375
1663862595380340500,8.157340576171874,-2.35595703125,47.8759765625,8.4228515625
1663862595400299000,8.177299072265624,-6.640625,47.12066650390625,9.9395751953125
1663862595420318500,8.197318359375,-8.3160400390625,47.26409912109375,9.32769775390625
1663862595440551700,8.2175517578125,-8.81195068359375,45.58258056640625,8.404541015625
1663862595460479700,8.237479736328124,-10.29510498046875,47.40142822265625,8.10699462890625
1663862595480285700,8.25728564453125,-12.30316162109375,46.197509765625,10.0799560546875
1663862595500274700,8.277274658203124,-13.372802734375,46.18682861328125,9.0118408203125
1663862595520263700,8.297263671875,-15.06500244140625,45.56121826171875,7.330322265625
1663862595540252700,8.317252685546874,-16.45965576171875,44.51141357421875,9.4573974609375
1663862595560241700,8.33724169921875,-18.12591552734375,45.09735107421875,7.17315673828125
1663862595580230700,8.357230712890624,-19.525146484375,43.878173828125,7.16552734375
1663862595600219600,8.3772197265625,-19.51446533203125,44.33441162109375,7.16705322265625
1663862595620208600,8.397208740234374,-20.751953125,43.57452392578125,7.4676513671875
1663862595640167200,8.417167236328124,-21.2310791015625,42.6513671875,6.24237060546875
1663862595660186600,8.4371865234375,-21.96044921875,44.16656494140625,5.792236328125
1663862595680175600,8.457175537109375,-22.7691650390625,42.04254150390625,6.54296875
1663862595700164900,8.477164794921874,-22.4609375,42.1966552734375,6.69708251953125
1663862595720153900,8.49715380859375,-23.68927001953125,41.88079833984375,5.62744140625
1663862595740112400,8.5171123046875,-23.66943359375,42.78411865234375,4.56390380859375
1663862595760131800,8.5371318359375,-23.05450439453125,42.9473876953125,5.78460693359375
1663862595780120800,8.557120849609374,-22.76458740234375,42.33856201171875,5.4779052734375
1663862595800079400,8.577079345703124,-22.7569580078125,42.63763427734375,5.02166748046875
1663862595820098800,8.597098876953124,-21.5362548828125,42.65594482421875,6.85272216796875
1663862595840087800,8.617087890625,-18.4417724609375,44.63043212890625,5.950927734375
1663862595860076800,8.637076904296874,-18.603515625,44.18182373046875,6.8634033203125
1663862595880065800,8.657065673828125,-14.6240234375,44.80438232421875,7.6324462890625
1663862595900054800,8.6770546875,-10.7818603515625,46.1761474609375,7.1868896484375
1663862595920044000,8.6970439453125,-6.80084228515625,46.93450927734375,5.975341796875
1663862595940033000,8.717032958984374,-6.51397705078125,46.173095703125,5.6671142578125
1663862595960022000,8.73702197265625,-4.66766357421875,46.923828125,4.14886474609375
1663862595980011000,8.757010986328124,-0.830078125,48.13079833984375,2.17742919921875
1663862596000000000,8.777,4.0313720703125,47.24578857421875,4.16107177734375
1663862596019958500,8.79695849609375,6.17218017578125,47.5494384765625,3.5552978515625
1663862596039978000,8.81697802734375,8.57696533203125,46.03271484375,3.24554443359375
1663862596059967000,8.836967041015624,11.73858642578125,44.21844482421875,3.69720458984375
1663862596079925500,8.856925537109374,15.37933349609375,43.45703125,2.630615234375
1663862596099945000,8.876945068359374,19.04449462890625,43.50128173828125,6.90155029296875
1663862596119934000,8.896933837890625,23.57330322265625,41.52984619140625,6.28814697265625
1663862596139923000,8.9169228515625,23.8311767578125,39.41497802734375,7.80181884765625
1663862596159912200,8.936912109375,26.11541748046875,39.2730712890625,8.4136962890625
1663862596179901200,8.956901123046874,26.07574462890625,37.45574951171875,9.16595458984375
1663862596199890200,8.97689013671875,25.469970703125,37.61749267578125,10.3851318359375
1663862596219879200,8.996879150390624,25.152587890625,37.01171875,10.83984375
1663862596239868200,9.0168681640625,26.2420654296875,38.07220458984375,10.08453369140625
1663862596259857200,9.036857177734374,23.956298828125,38.201904296875,8.10089111328125
1663862596279846100,9.05684619140625,24.26605224609375,38.48724365234375,5.816650390625
1663862596299804700,9.0768046875,23.05908203125,39.0899658203125,5.36041259765625
1663862596320098800,9.097098876953124,21.08917236328125,39.678955078125,3.68499755859375
1663862596340027000,9.11702685546875,23.1292724609375,42.254638671875,2.3284912109375
1663862596359802000,9.136802001953125,20.050048828125,41.0247802734375,1.40533447265625
1663862596379791000,9.156791015625,19.183349609375,43.27392578125,-2.0904541015625
1663862596399810800,9.176810791015624,17.5323486328125,44.4732666015625,-3.6102294921875
1663862596419769300,9.196769287109374,16.14227294921875,43.7103271484375,-3.6163330078125
1663862596439758300,9.21675830078125,15.716552734375,45.20721435546875,-6.19964599609375
1663862596459716900,9.236716796875,12.48931884765625,44.12994384765625,-6.97021484375
1663862596479736300,9.256736328125,10.85662841796875,46.09832763671875,-7.57293701171875
1663862596499725300,9.276725341796874,7.64312744140625,45.6329345703125,-7.8826904296875
1663862596519683800,9.296683837890624,6.103515625,45.01953125,-8.19244384765625
1663862596539703300,9.316703369140624,3.3935546875,46.527099609375,-8.7982177734375
1663862596559692300,9.3366923828125,0.83160400390625,47.8851318359375,-9.40399169921875
1663862596579650800,9.35665087890625,-0.60272216796875,45.15380859375,-8.50372314453125
1663862596599670300,9.376670166015625,-1.7974853515625,46.34857177734375,-10.78643798828125
1663862596619659300,9.3966591796875,-5.79376220703125,44.96612548828125,-11.55853271484375
1663862596639617800,9.41661767578125,-6.39190673828125,45.4376220703125,-9.576416015625
1663862596659637500,9.436637451171874,-6.99005126953125,45.89996337890625,-8.50830078125
1663862596679626500,9.45662646484375,-8.837890625,45.12481689453125,-9.88616943359375
1663862596699585000,9.4765849609375,-9.91973876953125,44.384765625,-7.2998046875
1663862596719604500,9.4966044921875,-9.59930419921875,45.1324462890625,-8.819580078125
1663862596739593500,9.516593505859374,-11.7584228515625,44.0704345703125,-8.0657958984375
1663862596759582500,9.53658251953125,-11.58599853515625,44.970703125,-9.43145751953125
1663862596779571500,9.556571533203124,-13.44451904296875,43.75152587890625,-9.44061279296875
1663862596799560400,9.576560546875,-15.2984619140625,42.681884765625,-9.75189208984375
1663862596819549400,9.596549560546874,-14.95208740234375,44.50531005859375,-9.74273681640625
1663862596839538400,9.616538330078125,-16.97998046875,42.51861572265625,-10.6689453125
1663862596859527400,9.63652734375,-15.13214111328125,43.28460693359375,-10.35919189453125
1663862596879516700,9.6565166015625,-17.1173095703125,43.1365966796875,-9.44671630859375
1663862596899505700,9.676505615234374,-17.58880615234375,42.529296875,-9.1461181640625
1663862596919494700,9.69649462890625,-19.268798828125,42.37823486328125,-8.69140625
1663862596939483600,9.716483642578124,-18.060302734375,41.91436767578125,-9.912109375
1663862596959472600,9.73647265625,-18.95751953125,42.681884765625,-8.68988037109375
1663862596979461600,9.756461669921874,-20.5291748046875,40.55328369140625,-8.54949951171875
1663862596999450600,9.77645068359375,-21.10595703125,42.06390380859375,-9.4573974609375
1663862597019439600,9.796439697265624,-19.8944091796875,41.63360595703125,-6.71539306640625
1663862597039428600,9.8164287109375,-17.58575439453125,42.5445556640625,-7.31658935546875
1663862597059417600,9.83641748046875,-15.75469970703125,42.55828857421875,-6.24847412109375
1663862597079406600,9.856406494140625,-14.97955322265625,43.16864013671875,-6.09130859375
1663862597099395800,9.876395751953124,-11.7462158203125,44.4122314453125,-3.643798828125
1663862597119384800,9.896384765625,-7.6446533203125,43.80035400390625,-5.0140380859375
1663862597139343000,9.916343017578125,-5.62286376953125,45.48797607421875,-3.631591796875
1663862597159362800,9.93636279296875,-2.13623046875,44.5770263671875,-4.547119140625
1663862597179351800,9.956351806640624,0.16326904296875,45.17822265625,-5.91278076171875
1663862597199615500,9.976615478515624,1.83563232421875,45.02105712890625,-6.82525634765625
1663862597219543300,9.996543212890625,5.33294677734375,44.57244873046875,-6.82373046875
1663862597239318800,10.01631884765625,8.81195068359375,43.365478515625,-6.6741943359375
1663862597259307800,10.036307861328124,11.56768798828125,43.8262939453125,-6.8206787109375
1663862597279296800,10.056296875,18.536376953125,41.7327880859375,-4.3853759765625
1663862597299285800,10.07628564453125,20.648193359375,40.679931640625,-3.62548828125
1663862597319274800,10.096274658203125,24.09210205078125,37.94403076171875,-4.5501708984375
1663862597339264000,10.116263916015624,26.26953125,39.78118896484375,-3.47137451171875
1663862597359253000,10.1362529296875,27.301025390625,38.25531005859375,-4.5440673828125
1663862597379242000,10.156241943359374,29.693603515625,36.00921630859375,-1.1993408203125
1663862597399231000,10.17623095703125,32.12432861328125,35.56976318359375,0.32501220703125
1663862597419220000,10.196219970703124,32.82012939453125,32.684326171875,0.311279296875
1663862597439209000,10.216208984375,33.25653076171875,31.63604736328125,2.13623046875
1663862597459198000,10.236197998046874,32.6690673828125,32.5592041015625,3.51104736328125
1663862597479187000,10.25618701171875,30.8563232421875,33.31451416015625,3.5125732421875
1663862597499176000,10.276176025390624,32.67364501953125,32.8521728515625,2.29339599609375
1663862597519165000,10.2961650390625,33.4716796875,34.3780517578125,2.7587890625
1663862597539154000,10.31615380859375,30.10711669921875,34.051513671875,0.9246826171875
1663862597559143000,10.336142822265625,30.90057373046875,35.41107177734375,-0.286865234375
1663862597579132200,10.356132080078124,29.840087890625,35.71624755859375,0.1708984375
1663862597599121200,10.37612109375,28.3203125,36.13433837890625,-3.94439697265625
1663862597619110100,10.396110107421874,26.05438232421875,37.04681396484375,-3.33251953125
1663862597639099100,10.41609912109375,27.58331298828125,37.322998046875,-6.98699951171875
1663862597659088100,10.436088134765624,25.29449462890625,37.31231689453125,-7.75146484375
1663862597679077000,10.4560771484375,22.89581298828125,39.12811279296875,-8.050537109375
1663862597699035600,10.47603564453125,23.980712890625,39.886474609375,-8.502197265625
1663862597719055000,10.49605517578125,22.59368896484375,39.27764892578125,-8.20159912109375
1663862597739044000,10.516044189453124,19.7540283203125,41.8426513671875,-9.716796875
1663862597759033000,10.536033203125,18.98345947265625,41.40167236328125,-7.7392578125
1663862597779022000,10.55602197265625,15.338134765625,42.00897216796875,-6.97784423828125
1663862597799011000,10.576010986328125,13.3819580078125,43.2098388671875,-8.1939697265625
1663862597819000300,10.596000244140624,10.81390380859375,44.2718505859375,-7.8857421875
1663862597838989300,10.6159892578125,11.90338134765625,45.32470703125,-9.40399169921875
1663862597858947800,10.63594775390625,9.48333740234375,46.09527587890625,-7.574462890625
1663862597878967300,10.65596728515625,6.7047119140625,44.7052001953125,-9.56573486328125
1663862597898956300,10.675956298828124,4.6051025390625,46.22039794921875,-9.55963134765625
1663862597918945300,10.6959453125,1.873779296875,46.820068359375,-9.71221923828125
1663862597938934300,10.715934326171874,0.34027099609375,46.37908935546875,-7.5836181640625
1663862597958923300,10.73592333984375,-1.47857666015625,46.8353271484375,-7.1258544921875
1663862597978912300,10.755912353515624,-3.48358154296875,45.8984375,-9.5703125
1663862597998901200,10.7759013671875,-5.9234619140625,45.89080810546875,-9.8785400390625
1663862598018890200,10.79589013671875,-8.21075439453125,45.88623046875,-9.881591796875
1663862598038879200,10.815879150390625,-9.15679931640625,44.5159912109375,-10.04180908203125
1663862598058868500,10.835868408203124,-10.39886474609375,43.59130859375,-11.114501953125
1663862598079162600,10.85616259765625,-9.490966796875,43.41888427734375,-13.85650634765625
1663862598099090400,10.87609033203125,-10.8551025390625,43.73321533203125,-12.33367919921875
1663862598118866000,10.895865966796874,-12.57476806640625,41.89453125,-13.56353759765625
1663862598138855000,10.91585498046875,-13.31024169921875,43.22662353515625,-17.6727294921875
1663862598158813400,10.9358134765625,-13.21868896484375,40.62652587890625,-19.66552734375
1663862598178802400,10.955802490234374,-12.3321533203125,39.4073486328125,-20.28045654296875
1663862598198822000,10.97582177734375,-13.42926025390625,38.1744384765625,-22.11761474609375
1663862598218780400,10.995780517578124,-15.23284912109375,39.373779296875,-23.48480224609375
1663862598238769400,11.015769287109375,-15.8843994140625,37.554931640625,-22.8851318359375
1663862598258758400,11.03575830078125,-20.61004638671875,37.55035400390625,-22.1282958984375
1663862598278747600,11.05574755859375,-20.02716064453125,36.3433837890625,-21.3714599609375
1663862598298736600,11.075736572265624,-25.0579833984375,36.34185791015625,-20.31097412109375
1663862598318725600,11.0957255859375,-28.91082763671875,34.3902587890625,-16.36199951171875
1663862598338714600,11.115714599609374,-33.22906494140625,32.00531005859375,-9.82513427734375
1663862598358703600,11.13570361328125,-36.6302490234375,29.7576904296875,-5.11627197265625
1663862598378692600,11.155692626953124,-37.890625,27.81829833984375,-0.55389404296875
1663862598398681600,11.175681640625,-39.88800048828125,26.9439697265625,4.4677734375
1663862598418670600,11.195670654296874,-40.2557373046875,24.07379150390625,6.58721923828125
1663862598438659600,11.21565966796875,-40.93170166015625,21.0601806640625,9.771728515625
1663862598458648600,11.235648681640624,-42.08984375,10.03265380859375,17.94586181640625
1663862598478637600,11.255637451171875,-42.333984375,5.80596923828125,21.43096923828125
1663862598498626600,11.27562646484375,-42.45758056640625,0.3448486328125,22.7752685546875
1663862598518615800,11.29561572265625,-42.03643798828125,-1.18408203125,21.5484619140625
1663862598538604800,11.315604736328124,-43.65692138671875,-5.4412841796875,21.67816162109375
1663862598558593800,11.33559375,-41.5802001953125,-8.0108642578125,22.735595703125
1663862598578582800,11.355582763671874,-41.36810302734375,-12.24517822265625,25.30517578125
1663862598598541300,11.375541259765624,-41.1468505859375,-15.76995849609375,21.783447265625
1663862598618560800,11.395560791015624,-40.3045654296875,-18.83087158203125,19.02618408203125
1663862598638549800,11.4155498046875,-41.5130615234375,-18.243408203125,16.89300537109375
1663862598658538800,11.435538818359374,-40.54718017578125,-16.09649658203125,18.88580322265625
1663862598678527700,11.45552783203125,-39.9017333984375,-14.56756591796875,19.8089599609375
1663862598698516700,11.475516845703124,-41.68853759765625,-12.7410888671875,20.5780029296875
1663862598718505700,11.495505615234375,-43.26324462890625,-8.18634033203125,20.44677734375
1663862598738494700,11.51549462890625,-42.29278564453125,-12.43743896484375,20.7305908203125
1663862598758484000,11.53548388671875,-41.033935546875,-17.45147705078125,20.55511474609375
1663862598778473000,11.555472900390624,-36.76910400390625,-24.4232177734375,21.74530029296875
1663862598798462000,11.5754619140625,-32.7423095703125,-28.49884033203125,24.01580810546875
1663862598818451000,11.595450927734374,-29.63104248046875,-32.4493408203125,23.23760986328125
1663862598838440000,11.61543994140625,-26.18560791015625,-35.1776123046875,23.38104248046875
1663862598858429000,11.635428955078124,-27.40020751953125,-34.88922119140625,21.856689453125
1663862598878418000,11.65541796875,-25.20294189453125,-38.83819580078125,21.53472900390625
1663862598898407000,11.675406982421874,-23.32916259765625,-36.99493408203125,23.37493896484375
1663862598918396000,11.69539599609375,-23.3062744140625,-35.93292236328125,23.07586669921875
1663862598938415600,11.71541552734375,-22.119140625,-37.44659423828125,23.52752685546875
1663862598958709800,11.735709716796874,-20.10345458984375,-35.9222412109375,23.68927001953125
1663862598978637600,11.755637451171875,-23.7762451171875,-36.53411865234375,24.139404296875
1663862598998382600,11.775382568359374,-23.1414794921875,-35.33935546875,21.4019775390625
1663862599018341000,11.795341064453124,-22.27935791015625,-37.75482177734375,23.0682373046875
1663862599038381300,11.81538134765625,-21.6705322265625,-37.76092529296875,22.30682373046875
1663862599058339800,11.83533984375,-17.57659912109375,-38.80615234375,23.3734130859375
1663862599078319400,11.8553193359375,-16.99066162109375,-39.8712158203125,23.06365966796875
1663862599098308600,11.87530859375,-16.85333251953125,-40.484619140625,22.4517822265625
1663862599118297600,11.895297607421876,-15.62347412109375,-40.0390625,20.93048095703125
1663862599138286600,11.91528662109375,-15.5914306640625,-38.66119384765625,22.15728759765625
1663862599158275600,11.935275634765626,-16.8548583984375,-40.5029296875,20.31707763671875
1663862599178264600,11.9552646484375,-15.032958984375,-40.80963134765625,19.5556640625
1663862599198253600,11.975253662109376,-17.9473876953125,-41.57257080078125,19.85321044921875
1663862599218242600,11.99524267578125,-15.5120849609375,-41.7327880859375,18.1793212890625
1663862599238201000,12.015201171875,-15.0421142578125,-41.1346435546875,16.96319580078125
1663862599258220500,12.035220458984375,-17.1875,-41.58935546875,17.7215576171875
1663862599278942000,12.05594189453125,-15.05279541015625,-41.59088134765625,16.961669921875
1663862599298198500,12.075198486328125,-17.0440673828125,-42.04254150390625,17.87109375
1663862599318187500,12.0951875,-16.8731689453125,-41.13922119140625,16.961669921875
1663862599338176800,12.1151767578125,-17.0135498046875,-40.67230224609375,18.182373046875
1663862599358165800,12.135165771484376,-19.43206787109375,-39.63165283203125,16.05224609375
1663862599378154800,12.15515478515625,-19.74639892578125,-40.08941650390625,15.8966064453125
1663862599398174200,12.17517431640625,-19.76470947265625,-40.84930419921875,15.89202880859375
1663862599418132700,12.1951328125,-21.41876220703125,-39.794921875,15.1336669921875
1663862599438121700,12.215121826171876,-22.9034423828125,-39.74761962890625,15.97137451171875
1663862599458110700,12.23511083984375,-22.90496826171875,-39.7613525390625,14.447021484375
1663862599478099700,12.255099609375,-22.14813232421875,-40.0543212890625,15.51361083984375
1663862599498088700,12.275088623046875,-21.35162353515625,-38.53759765625,14.91241455078125
1663862599518077700,12.29507763671875,-19.25201416015625,-40.0604248046875,14.1448974609375
1663862599538066700,12.315066650390625,-18.50738525390625,-40.82794189453125,13.07525634765625
1663862599558055700,12.3350556640625,-18.85833740234375,-42.80853271484375,12.45574951171875
1663862599578655200,12.3556552734375,-17.9229736328125,-41.89300537109375,12.61444091796875
1663862599598034000,12.375033935546876,-17.9229736328125,-41.89300537109375,12.61444091796875
1663862599618023000,12.39502294921875,-19.27032470703125,-40.8294677734375,13.07525634765625
1663862599638012000,12.415011962890626,-19.903564453125,-41.75567626953125,11.3922119140625
1663862599658001000,12.4350009765625,-20.80535888671875,-41.15447998046875,10.784912109375
1663862599677990000,12.454989990234376,-20.01190185546875,-39.788818359375,10.48736572265625
1663862599697979000,12.474978759765625,-18.951416015625,-40.087890625,10.79254150390625
1663862599717968000,12.4949677734375,-17.59033203125,-40.67535400390625,12.77313232421875
1663862599737956900,12.514956787109375,-18.49822998046875,-40.3778076171875,12.31536865234375
1663862599757945900,12.53494580078125,-18.99871826171875,-42.205810546875,11.84844970703125
1663862599777934800,12.554934814453125,-17.92449951171875,-41.9097900390625,10.784912109375
1663862599797923800,12.574923828125,-18.06182861328125,-41.2872314453125,12.46337890625
1663862599817913000,12.5949130859375,-20.1904296875,-40.997314453125,11.39678955078125
1663862599838237700,12.61523779296875,-19.09942626953125,-39.93377685546875,10.94512939453125
1663862599858165800,12.635165771484376,-18.9910888671875,-41.90216064453125,11.8499755859375
1663862599877941000,12.65494091796875,-17.15240478515625,-41.58172607421875,13.37738037109375
1663862599897869000,12.674869140625,-17.449951171875,-41.14532470703125,11.09466552734375
1663862599917858000,12.694858154296876,-17.16156005859375,-41.90521240234375,11.090087890625
1663862599937847000,12.714846923828125,-17.44232177734375,-40.8355712890625,11.85760498046875
1663862599957836000,12.7348359375,-18.22967529296875,-41.90673828125,11.08856201171875
1663862599977825000,12.754824951171875,-17.3095703125,-41.7449951171875,12.005615234375
1663862599997814000,12.77481396484375,-19.26116943359375,-40.38238525390625,11.85760498046875
1663862600017772500,12.7947724609375,-20.928955078125,-39.9322509765625,11.70501708984375
1663862600037792300,12.814792236328126,-19.7113037109375,-40.07415771484375,12.62054443359375
1663862600057781200,12.83478125,-20.90911865234375,-39.1571044921875,13.53759765625
1663862600077739500,12.854739501953125,-19.85931396484375,-39.9139404296875,13.53607177734375
1663862600097759200,12.87475927734375,-18.4967041015625,-40.362548828125,14.1448974609375
1663862600117748200,12.894748291015626,-20.02105712890625,-40.3594970703125,14.90478515625
1663862600137737200,12.9147373046875,-19.2169189453125,-38.5406494140625,14.15252685546875
1663862600157695700,12.93469580078125,-17.8863525390625,-40.35491943359375,14.9078369140625
1663862600177715200,12.954715087890625,-18.79730224609375,-40.2008056640625,15.36407470703125
1663862600197704200,12.9747041015625,-18.939208984375,-39.7430419921875,15.5181884765625
1663862600217662700,12.994662841796876,-18.487548828125,-40.04058837890625,16.27960205078125
1663862600237682200,13.01468212890625,-19.9951171875,-39.28375244140625,16.2811279296875
1663862600257671200,13.034671142578125,-20.4742431640625,-40.203857421875,15.362548828125
1663862600277660400,13.054660400390626,-19.0826416015625,-39.4317626953125,16.43524169921875
1663862600297649400,13.0746494140625,-20.1446533203125,-39.14031982421875,15.36865234375
1663862600317638400,13.094638427734376,-20.75042724609375,-38.983154296875,15.97747802734375
1663862600337627400,13.11462744140625,-19.989013671875,-38.9862060546875,15.521240234375
1663862600357616400,13.134616455078126,-20.71685791015625,-37.4725341796875,14.91851806640625
1663862600377605400,13.15460546875,-22.57232666015625,-38.54522705078125,14.453125
1663862600397624800,13.174624755859375,-20.41168212890625,-37.33367919921875,13.24310302734375
1663862600417583400,13.194583251953125,-22.27935791015625,-39.1448974609375,15.3656005859375
1663862600437572400,13.214572265625,-22.13287353515625,-39.306640625,14.14642333984375
1663862600457561300,13.234561279296875,-21.76971435546875,-36.724853515625,13.70086669921875
1663862600477550300,13.25455029296875,-21.06475830078125,-39.300537109375,14.45159912109375
1663862600497539300,13.274539306640625,-21.03424072265625,-37.9425048828125,13.39111328125
1663862600517528600,13.294528564453126,-22.72186279296875,-38.397216796875,13.99688720703125
1663862600537517600,13.314517578125,-23.175048828125,-38.2415771484375,14.45465087890625
1663862600557506600,13.334506591796876,-21.2127685546875,-39.1387939453125,15.8233642578125
1663862600577495600,13.35449560546875,-23.13995361328125,-36.71875,14.91851806640625
1663862600597454000,13.3744541015625,-22.845458984375,-37.17041015625,15.22216796875
1663862600617443000,13.394443115234376,-21.8017578125,-38.2354736328125,14.9139404296875
1663862600637462500,13.414462646484376,-22.894287109375,-39.30511474609375,14.4500732421875
1663862600657451500,13.434451416015625,-23.78082275390625,-38.0828857421875,15.36865234375
1663862600677440500,13.4544404296875,-22.73101806640625,-38.84735107421875,14.60418701171875
1663862600697399000,13.47439892578125,-22.71270751953125,-38.07525634765625,16.131591796875
1663862600717418500,13.49441845703125,-23.02703857421875,-38.397216796875,13.99688720703125
1663862600737682200,13.51468212890625,-21.17919921875,-37.628173828125,14.61181640625
1663862600757457700,13.534457763671876,-21.22955322265625,-39.898681640625,15.8203125
1663862600777843500,13.554843505859376,-20.91522216796875,-39.45159912109375,14.60418701171875
1663862600797405200,13.5744052734375,-22.8515625,-37.46795654296875,15.9820556640625
1663862600817394200,13.594394287109376,-21.1639404296875,-37.0147705078125,15.3778076171875
1663862600837352700,13.614352783203126,-22.2442626953125,-37.61749267578125,16.1346435546875
1663862600857341700,13.634341796875,-20.72601318359375,-37.91046142578125,17.0501708984375
1663862600877330700,13.65433056640625,-19.964599609375,-37.9150390625,16.28875732421875
1663862600897319700,13.674319580078125,-22.08251953125,-37.16278076171875,15.985107421875
1663862600917308700,13.69430859375,-23.15673828125,-37.4725341796875,15.52581787109375
1663862600937297700,13.714297607421875,-22.10235595703125,-37.9425048828125,13.69476318359375
1663862600957286700,13.73428662109375,-24.23553466796875,-37.9364013671875,14.91241455078125
1663862600977275600,13.754275634765625,-25.42724609375,-36.72027587890625,15.22216796875
1663862600997265000,13.774264892578126,-25.421142578125,-36.419677734375,14.91851806640625
1663862601017254000,13.79425390625,-26.00555419921875,-35.34698486328125,15.98968505859375
1663862601037243000,13.814242919921876,-27.86865234375,-36.7340087890625,14.15252685546875
1663862601057232000,13.83423193359375,-27.53753662109375,-35.66131591796875,15.22369384765625
1663862601077220900,13.854220947265626,-26.61895751953125,-35.49957275390625,16.1407470703125
1663862601097209900,13.8742099609375,-27.83660888671875,-35.357666015625,15.2252197265625
1663862601117198800,13.89419873046875,-28.57513427734375,-34.29718017578125,14.92462158203125
1663862601137157400,13.914157470703126,-28.72314453125,-34.13848876953125,15.84014892578125
1663862601157176800,13.9341767578125,-28.41796875,-34.14154052734375,15.3839111328125
1663862601177562600,13.954562744140626,-28.30047607421875,-35.662841796875,15.22369384765625
1663862601197124400,13.974124267578125,-29.0283203125,-34.149169921875,14.6209716796875
1663862601217144000,13.99414404296875,-28.5736083984375,-34.2864990234375,16.29638671875
1663862601237133000,14.014133056640626,-27.96173095703125,-34.14306640625,15.0787353515625
1663862601257122000,14.0341220703125,-27.07366943359375,-35.35308837890625,15.5303955078125
1663862601277080600,14.05408056640625,-26.60064697265625,-34.73968505859375,16.143798828125
1663862601297100000,14.07410009765625,-28.26690673828125,-34.27734375,17.364501953125
1663862601317089000,14.094089111328126,-29.3121337890625,-33.2305908203125,15.53955078125
1663862601337078000,14.114078125,-26.5869140625,-34.130859375,16.1468505859375
1663862601357067000,14.13406689453125,-27.667236328125,-34.735107421875,16.90521240234375
1663862601377056000,14.154055908203125,-26.141357421875,-34.7137451171875,19.0399169921875
1663862601397075500,14.174075439453125,-27.96783447265625,-34.44061279296875,15.84014892578125
1663862601417003500,14.19400341796875,-27.0538330078125,-34.58099365234375,17.059326171875
1663862601437023000,14.21402294921875,-25.848388671875,-35.18524169921875,17.21038818359375
1663862601457012200,14.23401220703125,-27.374267578125,-35.19744873046875,16.1407470703125
1663862601477001200,14.254001220703126,-24.75738525390625,-34.1217041015625,16.91131591796875
1663862601496959500,14.27395947265625,-27.05535888671875,-34.59014892578125,15.99273681640625
1663862601516979200,14.293979248046876,-26.568603515625,-33.3648681640625,16.912841796875
1663862601536968200,14.31396826171875,-26.44500732421875,-34.58251953125,16.754150390625
1663862601556957200,14.333957275390626,-27.51922607421875,-34.88616943359375,17.0562744140625
1663862601578014200,14.35501416015625,-25.85601806640625,-35.49957275390625,15.83709716796875
1663862601596935200,14.37393505859375,-26.11846923828125,-33.66851806640625,16.912841796875
1663862601617229300,14.394229248046875,-26.4801025390625,-36.1083984375,15.985107421875
1663862601637004800,14.4140048828125,-26.01318359375,-35.65521240234375,15.5303955078125
1663862601656902100,14.433902099609375,-25.7415771484375,-37.1673583984375,16.28570556640625
1663862601676891100,14.45389111328125,-26.48773193359375,-36.41815185546875,15.22216796875
1663862601696910800,14.473910888671876,-26.45416259765625,-34.90753173828125,14.16168212890625
1663862601716869400,14.493869384765626,-26.45111083984375,-34.88616943359375,16.75262451171875
1663862601736858400,14.5138583984375,-27.07977294921875,-35.6597900390625,15.2252197265625
1663862601756847400,14.533847412109376,-25.09918212890625,-35.7940673828125,16.90216064453125
1663862601776836400,14.55383642578125,-25.55999755859375,-35.81390380859375,14.61639404296875
1663862601796825300,14.573825439453126,-24.92828369140625,-34.89532470703125,15.2313232421875
1663862601816814300,14.593814453125,-23.8861083984375,-36.09161376953125,17.35992431640625
1663862601836803300,14.61380322265625,-23.8861083984375,-36.09161376953125,17.35992431640625
1663862601856792300,14.633792236328125,-21.8963623046875,-35.7757568359375,18.27850341796875
1663862601876812000,14.65381201171875,-21.9146728515625,-36.5447998046875,17.20733642578125
1663862601896770300,14.673770263671875,-23.9013671875,-36.70501708984375,16.748046875
1663862601916728800,14.693728759765625,-22.662353515625,-35.80322265625,15.07720947265625
1663862601936748500,14.71374853515625,-22.5555419921875,-37.9180908203125,16.74346923828125
1663862601956737500,14.733737548828126,-22.57080078125,-38.531494140625,15.97747802734375
1663862601976696000,14.753696044921876,-23.75640869140625,-37.02239990234375,15.069580078125
1663862601996715500,14.773715576171876,-23.590087890625,-36.41204833984375,15.2252197265625
1663862602016708400,14.793708251953126,-24.80621337890625,-36.25335693359375,16.44439697265625
1663862602036697300,14.813697265625,-25.86517333984375,-35.82000732421875,14.00604248046875
1663862602056686300,14.833686279296876,-25.9796142578125,-34.27734375,16.7572021484375
1663862602076675300,14.85367529296875,-25.54473876953125,-35.2020263671875,15.07568359375
1663862602096664600,14.87366455078125,-26.177978515625,-36.2579345703125,16.1376953125
1663862602116653600,14.893653564453125,-26.0223388671875,-36.1053466796875,16.290283203125
1663862602136612000,14.913612060546875,-27.3345947265625,-33.3892822265625,14.3218994140625
1663862602156631600,14.933631591796875,-28.78875732421875,-37.0330810546875,15.0634765625
1663862602176620500,14.95362060546875,-29.0283203125,-34.149169921875,14.6209716796875
1663862602196609500,14.973609619140625,-29.92401123046875,-33.24737548828125,13.71002197265625
1663862602216598500,14.9935986328125,-27.6702880859375,-34.759521484375,14.00909423828125
1663862602236587500,15.01358740234375,-30.37109375,-32.79266357421875,13.7115478515625
1663862602256576500,15.033576416015626,-28.56597900390625,-33.85162353515625,13.70849609375
1663862602276565500,15.0535654296875,-28.85589599609375,-33.23822021484375,14.47296142578125
1663862602296554500,15.073554443359376,-28.70635986328125,-33.3831787109375,15.386962890625
1663862602316543700,15.093543701171875,-30.535888671875,-33.392333984375,14.62249755859375
1663862602336532700,15.11353271484375,-28.68194580078125,-32.3211669921875,15.08636474609375
1663862602356491000,15.133490966796876,-28.58734130859375,-34.9029541015625,15.22674560546875
1663862602376510700,15.1535107421875,-29.45404052734375,-32.6416015625,13.25531005859375
1663862602396499700,15.173499755859375,-29.754638671875,-32.61260986328125,16.912841796875
1663862602416488700,15.19348876953125,-28.5797119140625,-34.59014892578125,16.29486083984375
1663862602436477700,15.213477783203125,-27.52838134765625,-35.333251953125,18.121337890625
1663862602456466700,15.233466796875,-26.87225341796875,-33.343505859375,19.5037841796875
1663862602476455700,15.25345556640625,-27.35595703125,-34.429931640625,16.90673828125
1663862602496780500,15.273780517578125,-25.9796142578125,-34.271240234375,17.36602783203125
1663862602516525300,15.293525390625,-27.337646484375,-33.6639404296875,17.6727294921875
1663862602536422700,15.313422607421876,-26.89208984375,-34.12628173828125,16.90826416015625
1663862602556412000,15.333411865234375,-26.4678955078125,-35.63690185546875,17.816162109375
1663862602576401000,15.35340087890625,-27.0721435546875,-35.34698486328125,16.2933349609375
1663862602596390000,15.373389892578125,-26.7547607421875,-34.87701416015625,17.8192138671875
1663862602616379000,15.39337890625,-26.78985595703125,-36.39678955078125,17.81158447265625
1663862602636368000,15.413367919921875,-27.48870849609375,-33.5235595703125,16.30096435546875
1663862602656356900,15.43335693359375,-27.35748291015625,-34.43756103515625,16.14532470703125
1663862602676345900,15.453345947265625,-26.59454345703125,-34.43603515625,16.14532470703125
1663862602696334800,15.4733349609375,-25.68359375,-34.59625244140625,14.9261474609375
1663862602716323800,15.49332373046875,-26.0345458984375,-36.70654296875,17.0501708984375
1663862602736312800,15.513312744140626,-26.7852783203125,-36.10687255859375,16.290283203125
1663862602756301800,15.5333017578125,-25.567626953125,-36.25030517578125,16.900634765625
1663862602776290800,15.553290771484376,-24.7802734375,-35.18524169921875,16.90673828125
1663862602796280000,15.573280029296875,-22.7691650390625,-33.82110595703125,16.0003662109375
1663862602816269000,15.59326904296875,-24.19891357421875,-36.4044189453125,16.29180908203125
1663862602836258000,15.613258056640625,-24.21722412109375,-37.17193603515625,15.52581787109375
1663862602856247000,15.6332470703125,-23.74725341796875,-36.566162109375,15.07110595703125
1663862602876236000,15.653236083984375,-22.6776123046875,-36.5478515625,16.90216064453125
1663862602896194600,15.673194580078125,-23.2818603515625,-36.2579345703125,15.37933349609375
1663862602916214000,15.693214111328125,-25.12664794921875,-37.0025634765625,17.65899658203125
1663862602936203000,15.713203125,-24.69940185546875,-38.24462890625,14.453125
1663862602956192000,15.73319189453125,-24.80621337890625,-36.25335693359375,16.44439697265625
1663862602976181000,15.753180908203126,-23.61297607421875,-37.469482421875,15.9820556640625
1663862602996170000,15.773169921875,-23.2818603515625,-36.2548828125,15.8355712890625
1663862603016159000,15.793158935546876,-24.62310791015625,-34.88922119140625,15.99273681640625
1663862603036117500,15.813117431640626,-24.01885986328125,-35.1837158203125,16.90673828125
1663862603056137200,15.83313720703125,-26.45111083984375,-34.88616943359375,16.75262451171875
1663862603076126200,15.853126220703125,-26.153564453125,-35.18524169921875,17.2088623046875
1663862603096115200,15.873115234375,-26.90582275390625,-34.7381591796875,16.448974609375
1663862603116104200,15.893104248046875,-26.60064697265625,-34.73968505859375,16.143798828125
1663862603136093200,15.91309326171875,-26.78680419921875,-36.1175537109375,14.91851806640625
1663862603156082200,15.933082275390625,-28.44085693359375,-35.19287109375,16.90216064453125
1663862603176071200,15.9530712890625,-27.35748291015625,-34.44366455078125,15.38238525390625
1663862603196060200,15.97306005859375,-28.4332275390625,-34.75799560546875,14.312744140625
1663862603216049200,15.993049072265626,-27.81982421875,-34.6099853515625,13.7054443359375
1663862603236038100,16.0130380859375,-27.36663818359375,-34.759521484375,14.00909423828125
1663862603256027100,16.033027099609374,-27.81982421875,-34.6038818359375,14.46685791015625
1663862603276016400,16.053016357421875,-29.33807373046875,-34.30938720703125,13.7054443359375
1663862603296005400,16.07300537109375,-29.0313720703125,-34.1644287109375,12.79144287109375
1663862603315994400,16.092994384765625,-29.0374755859375,-34.46502685546875,13.2476806640625
1663862603335983400,16.1129833984375,-29.07867431640625,-36.2884521484375,13.238525390625
1663862603355972400,16.132972412109375,-28.4088134765625,-33.6883544921875,15.08026123046875
1663862603376297000,16.153296875,-28.39202880859375,-32.940673828125,13.56048583984375
1663862603396072400,16.173072509765625,-30.27496337890625,-35.23406982421875,12.48016357421875
1663862603415939300,16.192939208984374,-29.79888916015625,-34.4635009765625,13.55133056640625
1663862603435928300,16.21292822265625,-32.24334716796875,-34.63134765625,12.3291015625
1663862603455917300,16.232917236328124,-30.25054931640625,-34.16748046875,12.7899169921875
1663862603475906300,16.25290625,-29.59136962890625,-32.03125,13.71612548828125
1663862603495956500,16.27295654296875,-29.32891845703125,-33.8592529296875,13.09814453125
1663862603515884500,16.292884521484375,-29.315185546875,-33.2550048828125,12.6434326171875
1663862603535873500,16.31287353515625,-31.16912841796875,-34.31549072265625,13.39874267578125
1663862603555862500,16.332862548828125,-30.41839599609375,-34.91363525390625,14.4622802734375
1663862603575851500,16.3528515625,-31.5704345703125,-31.88629150390625,13.2568359375
1663862603595840500,16.372840576171875,-31.5826416015625,-32.3486328125,12.49237060546875
1663862603615829500,16.39282958984375,-31.72760009765625,-32.0404052734375,13.104248046875
1663862603635818500,16.412818603515625,-32.6568603515625,-32.65533447265625,12.48931884765625
1663862603655807500,16.432807373046874,-31.27593994140625,-32.33489990234375,14.0167236328125
1663862603675766000,16.45276611328125,-31.622314453125,-34.1644287109375,13.55133056640625
1663862603695785500,16.472785400390624,-32.66143798828125,-32.9437255859375,14.31732177734375
1663862603715774500,16.4927744140625,-31.72454833984375,-32.025146484375,14.9322509765625
1663862603735763700,16.512763671875,-31.41937255859375,-32.0220947265625,15.2374267578125
1663862603755752700,16.532752685546875,-31.26678466796875,-31.88934326171875,12.80059814453125
1663862603775741700,16.55274169921875,-31.41326904296875,-31.7169189453125,15.23895263671875
1663862603795730700,16.572730712890625,-31.15081787109375,-33.54949951171875,14.1632080078125
1663862603815719700,16.5927197265625,-31.76116943359375,-33.55560302734375,13.7054443359375
1663862603835708700,16.612708740234375,-31.87408447265625,-31.878662109375,14.32342529296875
1663862603855697700,16.63269775390625,-31.26373291015625,-31.87103271484375,15.08636474609375
1663862603875686700,16.652686767578125,-30.84259033203125,-33.404541015625,13.250732421875
1663862603895675600,16.672675537109374,-29.7637939453125,-32.9376220703125,14.32037353515625
1663862603915664600,16.69266455078125,-30.38787841796875,-33.5418701171875,14.9261474609375
1663862603935653600,16.712653564453124,-31.298828125,-33.38775634765625,15.3839111328125
1663862603955612200,16.732612060546874,-30.25054931640625,-34.161376953125,13.5528564453125
1663862603975632000,16.7526318359375,-30.2490234375,-34.14764404296875,15.07568359375
1663862603995620900,16.772620849609375,-29.93011474609375,-33.54034423828125,14.92767333984375
1663862604015609900,16.79260986328125,-29.327392578125,-33.85009765625,14.16473388671875
1663862604035598800,16.812598876953125,-30.72357177734375,-34.91363525390625,14.4622802734375
1663862604055587800,16.832587890625,-28.74755859375,-35.2081298828125,15.0726318359375
1663862604075576800,16.852576904296875,-30.4046630859375,-34.307861328125,14.16015625
1663862604095565800,16.87256591796875,-29.01153564453125,-33.3892822265625,14.6240234375
1663862604115554800,16.892554931640625,-28.86962890625,-33.8470458984375,14.46990966796875
1663862604135543800,16.912543701171874,-30.84716796875,-33.69140625,15.38238525390625
1663862604155532800,16.93253271484375,-30.535888671875,-33.3892822265625,15.08026123046875
1663862604175521800,16.952521728515624,-29.3609619140625,-35.36376953125,14.91851806640625
1663862604195510800,16.9725107421875,-28.72314453125,-34.14459228515625,15.0787353515625
1663862604215469300,16.99246923828125,-28.4332275390625,-34.765625,13.55133056640625
1663862604235489000,17.012489013671875,-27.801513671875,-33.8348388671875,15.53802490234375
1663862604255844000,17.032843994140624,-28.75518798828125,-35.516357421875,14.61334228515625
1663862604275619600,17.05261962890625,-26.7333984375,-33.8287353515625,15.99578857421875
1663862604295486500,17.072486572265625,-25.69122314453125,-34.89990234375,14.92462158203125
1663862604315445000,17.092445068359375,-27.06146240234375,-34.8846435546875,17.05780029296875
1663862604335434000,17.11243408203125,-25.11749267578125,-36.56005859375,16.1376953125
1663862604355423000,17.132423095703125,-24.66278076171875,-36.7034912109375,17.05169677734375
1663862604375412000,17.152411865234374,-24.5025634765625,-36.2640380859375,15.0726318359375
1663862604395401000,17.17240087890625,-25.4364013671875,-37.17041015625,15.98052978515625
1663862604415390000,17.192389892578124,-24.52545166015625,-37.32452392578125,15.3717041015625
1663862604435348500,17.212348388671874,-24.50714111328125,-36.55853271484375,16.1376953125
1663862604455368200,17.2323681640625,-21.92535400390625,-37.00103759765625,17.205810546875
1663862604475357200,17.252357177734375,-23.01483154296875,-38.05389404296875,18.7225341796875
1663862604495346200,17.27234619140625,-24.54833984375,-38.37432861328125,17.19512939453125
1663862604515335200,17.292335205078125,-24.53155517578125,-37.615966796875,16.89453125
1663862604535324200,17.31232421875,-24.8291015625,-37.31689453125,16.43829345703125
1663862604555313200,17.332313232421875,-23.9166259765625,-37.45880126953125,17.35382080078125
1663862604575302100,17.35230224609375,-24.86419677734375,-38.8397216796875,16.12548828125
1663862604595291100,17.372291015625,-23.15521240234375,-37.4664306640625,16.2872314453125
1663862604615280000,17.392280029296874,-22.08709716796875,-37.45574951171875,17.3553466796875
1663862604635269000,17.41226904296875,-22.5555419921875,-37.9180908203125,16.74346923828125
1663862604655227600,17.4322275390625,-22.67608642578125,-36.54632568359375,17.20733642578125
1663862604675247000,17.4522470703125,-25.45928955078125,-38.22174072265625,17.34771728515625
1663862604695236400,17.472236328125,-23.15673828125,-37.4755859375,15.22064208984375
1663862604715225300,17.492225341796875,-21.1883544921875,-38.07830810546875,15.3717041015625
1663862604735214300,17.51221435546875,-22.2381591796875,-37.3138427734375,16.13616943359375
1663862604755203300,17.532203369140625,-23.944091796875,-38.53912353515625,15.51971435546875
1663862604775192300,17.5521923828125,-22.7020263671875,-37.615966796875,16.4398193359375
